﻿{"data":[{"ChildObjects":[{"ObjectIdentifier":"F4DCBC63-B078-4460-A904-6DCF083EDD36","ObjectType":"OU"},{"ObjectIdentifier":"3084D09C-354E-4405-B6AE-BBDCB15B5A5C","ObjectType":"OU"},{"ObjectIdentifier":"1CC46539-9237-4235-A564-D3E83E9E700E","ObjectType":"OU"},{"ObjectIdentifier":"63AB3558-D5F4-43B1-BDB3-BB3502DB13BC","ObjectType":"Container"},{"ObjectIdentifier":"C1D39802-41E3-44E4-BF9E-D353780EEC4A","ObjectType":"OU"},{"ObjectIdentifier":"A456301C-DC4C-4D58-B4C3-210940173490","ObjectType":"OU"},{"ObjectIdentifier":"9E60AE82-170B-479A-A793-F990FE9DB969","ObjectType":"OU"},{"ObjectIdentifier":"0A10BA9A-3B27-40C3-B14F-BC4782877175","ObjectType":"OU"},{"ObjectIdentifier":"343440EF-CCAC-4DF7-8BAB-12F1C845177D","ObjectType":"Container"},{"ObjectIdentifier":"3E5745C5-3327-47E2-95BB-F259C651C838","ObjectType":"OU"},{"ObjectIdentifier":"659F609D-5828-4FCB-91CB-E7A76762922E","ObjectType":"OU"},{"ObjectIdentifier":"F70DA169-20E8-4115-A591-7A7FD9A5F7F1","ObjectType":"Container"},{"ObjectIdentifier":"F1DA08D0-0FE8-4D85-9AC1-7CD70EC2B9B1","ObjectType":"OU"},{"ObjectIdentifier":"71C16B29-6D04-43B8-BA2B-C5B8F89F6A64","ObjectType":"OU"},{"ObjectIdentifier":"0BCC808B-B921-4E99-90CD-95D9650B1DDE","ObjectType":"OU"},{"ObjectIdentifier":"50C1E7D8-03C2-4687-AB01-01F112FD772C","ObjectType":"OU"},{"ObjectIdentifier":"E85E31C7-2050-4D34-9FC6-1EC232643613","ObjectType":"OU"},{"ObjectIdentifier":"6718EC22-E6EB-4A46-8E02-3ED9DF67B28F","ObjectType":"OU"},{"ObjectIdentifier":"C77FC901-EDDE-4E1E-A7CA-88792979CC21","ObjectType":"Container"},{"ObjectIdentifier":"5C98C2DB-D6C9-4A49-9673-A266AE9A4D4A","ObjectType":"OU"}],"Trusts":[{"TargetDomainSid":"S-1-5-21-3667276930-535864967-1787924972","TargetDomainName":"RD.STD101.FORESTALL.LABS","IsTransitive":true,"SidFilteringEnabled":false,"TrustDirection":"Bidirectional","TrustType":"ParentChild"}],"Links":[{"IsEnforced":false,"GUID":"22A3577E-7284-44EC-B978-209F52C2867C"},{"IsEnforced":false,"GUID":"D18D8F4C-EA58-48C1-828E-5DAFAA19DFB7"},{"IsEnforced":false,"GUID":"D6E48D76-54E6-4F92-92A7-47EC788895ED"}],"Aces":[{"PrincipalSID":"STD101.FORESTALL.LABS-S-1-5-32-544","PrincipalType":"Group","RightName":"Owns","IsInherited":false},{"PrincipalSID":"STD101.FORESTALL.LABS-S-1-5-32-544","PrincipalType":"Group","RightName":"WriteDacl","IsInherited":false},{"PrincipalSID":"STD101.FORESTALL.LABS-S-1-5-32-544","PrincipalType":"Group","RightName":"WriteOwner","IsInherited":false},{"PrincipalSID":"STD101.FORESTALL.LABS-S-1-5-32-544","PrincipalType":"Group","RightName":"AllExtendedRights","IsInherited":false},{"PrincipalSID":"S-1-5-21-4126913916-3287246507-2123901885-512","PrincipalType":"Group","RightName":"WriteDacl","IsInherited":false},{"PrincipalSID":"S-1-5-21-4126913916-3287246507-2123901885-512","PrincipalType":"Group","RightName":"WriteOwner","IsInherited":false},{"PrincipalSID":"S-1-5-21-4126913916-3287246507-2123901885-512","PrincipalType":"Group","RightName":"AllExtendedRights","IsInherited":false},{"PrincipalSID":"S-1-5-21-4126913916-3287246507-2123901885-513","PrincipalType":"Group","RightName":"GenericAll","IsInherited":false},{"PrincipalSID":"S-1-5-21-4126913916-3287246507-2123901885-519","PrincipalType":"Group","RightName":"GenericAll","IsInherited":false},{"PrincipalSID":"STD101.FORESTALL.LABS-S-1-5-9","PrincipalType":"Group","RightName":"GetChanges","IsInherited":false},{"PrincipalSID":"STD101.FORESTALL.LABS-S-1-5-32-544","PrincipalType":"Group","RightName":"GetChangesAll","IsInherited":false},{"PrincipalSID":"STD101.FORESTALL.LABS-S-1-5-32-544","PrincipalType":"Group","RightName":"GetChanges","IsInherited":false},{"PrincipalSID":"S-1-5-21-4126913916-3287246507-2123901885-498","PrincipalType":"Group","RightName":"GetChanges","IsInherited":false},{"PrincipalSID":"S-1-5-21-4126913916-3287246507-2123901885-516","PrincipalType":"Group","RightName":"GetChangesAll","IsInherited":false},{"PrincipalSID":"S-1-5-21-4126913916-3287246507-2123901885-1287","PrincipalType":"User","RightName":"GetChanges","IsInherited":false},{"PrincipalSID":"S-1-5-21-4126913916-3287246507-2123901885-1287","PrincipalType":"User","RightName":"GetChangesAll","IsInherited":false}],"ObjectIdentifier":"S-1-5-21-4126913916-3287246507-2123901885","IsDeleted":false,"IsACLProtected":false,"GPOChanges":{"LocalAdmins":[],"RemoteDesktopUsers":[],"DcomUsers":[],"PSRemoteUsers":[],"AffectedComputers":[]},"Properties":{"domain":"STD101.FORESTALL.LABS","name":"STD101.FORESTALL.LABS","distinguishedname":"DC=STD101,DC=FORESTALL,DC=LABS","domainsid":"S-1-5-21-4126913916-3287246507-2123901885","highvalue":true,"description":null,"whencreated":1656257039,"functionallevel":"2016"}},{"ChildObjects":[{"ObjectIdentifier":"A68DFA62-395E-4ADF-8B1C-8FDB780BC770","ObjectType":"OU"},{"ObjectIdentifier":"79A92D7B-21A7-4603-9E00-1CCF8F4E5E65","ObjectType":"OU"},{"ObjectIdentifier":"E27BF40F-33B8-4668-ABD5-2A79977AD1AD","ObjectType":"OU"},{"ObjectIdentifier":"FB80D2CA-F328-4904-A3DD-FC3CA0833F26","ObjectType":"Container"},{"ObjectIdentifier":"2D35271F-994E-4B1D-8695-884C22BF6140","ObjectType":"OU"},{"ObjectIdentifier":"A75BD2C9-D266-4C7C-B241-4180082AA610","ObjectType":"OU"},{"ObjectIdentifier":"E0A7EF11-742E-45F1-87E7-46AEF345894C","ObjectType":"OU"},{"ObjectIdentifier":"765D69D5-2882-47B7-BFA2-A75D403AB790","ObjectType":"OU"},{"ObjectIdentifier":"EDAFE451-F377-459D-924A-24DC40DE7014","ObjectType":"Container"},{"ObjectIdentifier":"41D2EEA6-EA1F-41B2-ACA8-5ED459BFEAE8","ObjectType":"OU"},{"ObjectIdentifier":"321BA384-A5C7-46A1-A22C-4428D99E3A0D","ObjectType":"OU"},{"ObjectIdentifier":"21C58BDD-7764-42D0-AB2D-4550FE293657","ObjectType":"Container"},{"ObjectIdentifier":"5F578FD7-1EB4-45FA-B66D-43508F15A60C","ObjectType":"OU"},{"ObjectIdentifier":"97812BDC-6FB9-4E61-81A3-51A1A7CDEC9F","ObjectType":"OU"},{"ObjectIdentifier":"A8828FB0-CECF-4F88-8844-1A15F8FB7EF8","ObjectType":"OU"},{"ObjectIdentifier":"28AC210C-42D1-4E02-AB37-093681C68A6A","ObjectType":"OU"},{"ObjectIdentifier":"B11DB7DE-3A89-43B8-B650-586944747038","ObjectType":"OU"},{"ObjectIdentifier":"5CF3AB04-17ED-47B1-A9FB-52484A7996BA","ObjectType":"OU"},{"ObjectIdentifier":"F5855A60-D160-42C5-BE9C-977480ECA0EA","ObjectType":"Container"},{"ObjectIdentifier":"12E5108F-570A-42F6-AE4B-E4B8DF1B6D70","ObjectType":"OU"}],"Trusts":[{"TargetDomainSid":"S-1-5-21-4126913916-3287246507-2123901885","TargetDomainName":"STD101.FORESTALL.LABS","IsTransitive":true,"SidFilteringEnabled":false,"TrustDirection":"Bidirectional","TrustType":"ParentChild"}],"Links":[{"IsEnforced":false,"GUID":"22A3577E-7284-44EC-B978-209F52C2867C"},{"IsEnforced":false,"GUID":"D18D8F4C-EA58-48C1-828E-5DAFAA19DFB7"},{"IsEnforced":false,"GUID":"207749C9-24AC-4294-97CD-30988565D980"}],"Aces":[{"PrincipalSID":"RD.STD101.FORESTALL.LABS-S-1-5-32-544","PrincipalType":"Group","RightName":"Owns","IsInherited":false},{"PrincipalSID":"RD.STD101.FORESTALL.LABS-S-1-5-32-544","PrincipalType":"Group","RightName":"WriteDacl","IsInherited":false},{"PrincipalSID":"RD.STD101.FORESTALL.LABS-S-1-5-32-544","PrincipalType":"Group","RightName":"WriteOwner","IsInherited":false},{"PrincipalSID":"RD.STD101.FORESTALL.LABS-S-1-5-32-544","PrincipalType":"Group","RightName":"AllExtendedRights","IsInherited":false},{"PrincipalSID":"S-1-5-21-3667276930-535864967-1787924972-512","PrincipalType":"Group","RightName":"WriteDacl","IsInherited":false},{"PrincipalSID":"S-1-5-21-3667276930-535864967-1787924972-512","PrincipalType":"Group","RightName":"WriteOwner","IsInherited":false},{"PrincipalSID":"S-1-5-21-3667276930-535864967-1787924972-512","PrincipalType":"Group","RightName":"AllExtendedRights","IsInherited":false},{"PrincipalSID":"S-1-5-21-4126913916-3287246507-2123901885-519","PrincipalType":"Group","RightName":"GenericAll","IsInherited":false},{"PrincipalSID":"STD101.FORESTALL.LABS-S-1-5-9","PrincipalType":"Group","RightName":"GetChanges","IsInherited":false},{"PrincipalSID":"RD.STD101.FORESTALL.LABS-S-1-5-32-544","PrincipalType":"Group","RightName":"GetChangesAll","IsInherited":false},{"PrincipalSID":"RD.STD101.FORESTALL.LABS-S-1-5-32-544","PrincipalType":"Group","RightName":"GetChanges","IsInherited":false},{"PrincipalSID":"S-1-5-21-3667276930-535864967-1787924972-516","PrincipalType":"Group","RightName":"GetChangesAll","IsInherited":false},{"PrincipalSID":"S-1-5-21-3667276930-535864967-1787924972-1201","PrincipalType":"User","RightName":"GetChanges","IsInherited":false},{"PrincipalSID":"S-1-5-21-3667276930-535864967-1787924972-1201","PrincipalType":"User","RightName":"GetChangesAll","IsInherited":false},{"PrincipalSID":"S-1-5-21-3667276930-535864967-1787924972-1335","PrincipalType":"User","RightName":"GetChangesAll","IsInherited":false},{"PrincipalSID":"S-1-5-21-3667276930-535864967-1787924972-1335","PrincipalType":"User","RightName":"GetChanges","IsInherited":false},{"PrincipalSID":"S-1-5-21-3667276930-535864967-1787924972-1628","PrincipalType":"User","RightName":"GetChanges","IsInherited":false},{"PrincipalSID":"S-1-5-21-3667276930-535864967-1787924972-1628","PrincipalType":"User","RightName":"GetChangesAll","IsInherited":false},{"PrincipalSID":"S-1-5-21-4126913916-3287246507-2123901885-498","PrincipalType":"Group","RightName":"GetChanges","IsInherited":false}],"ObjectIdentifier":"S-1-5-21-3667276930-535864967-1787924972","IsDeleted":false,"IsACLProtected":false,"GPOChanges":{"LocalAdmins":[],"RemoteDesktopUsers":[],"DcomUsers":[],"PSRemoteUsers":[],"AffectedComputers":[{"ObjectIdentifier":"S-1-5-21-3667276930-535864967-1787924972-1009","ObjectType":"Computer"},{"ObjectIdentifier":"S-1-5-21-3667276930-535864967-1787924972-1702","ObjectType":"Computer"},{"ObjectIdentifier":"S-1-5-21-3667276930-535864967-1787924972-1703","ObjectType":"Computer"},{"ObjectIdentifier":"S-1-5-21-3667276930-535864967-1787924972-1704","ObjectType":"Computer"},{"ObjectIdentifier":"S-1-5-21-3667276930-535864967-1787924972-1706","ObjectType":"Computer"},{"ObjectIdentifier":"S-1-5-21-3667276930-535864967-1787924972-1707","ObjectType":"Computer"}]},"Properties":{"domain":"RD.STD101.FORESTALL.LABS","name":"RD.STD101.FORESTALL.LABS","distinguishedname":"DC=RD,DC=STD101,DC=FORESTALL,DC=LABS","domainsid":"S-1-5-21-3667276930-535864967-1787924972","highvalue":true,"description":null,"whencreated":1656258033,"functionallevel":"2016"}}],"meta":{"methods":29695,"type":"domains","count":2,"version":4}}