﻿{"data":[{"PrimaryGroupSID":"S-1-5-21-4126913916-3287246507-2123901885-516","AllowedToDelegate":[],"AllowedToAct":[],"HasSIDHistory":[],"Sessions":{"Results":[],"Collected":true,"FailureReason":null},"PrivilegedSessions":{"Results":[],"Collected":false,"FailureReason":"ERROR_ACCESS_DENIED"},"RegistrySessions":{"Results":[{"UserSID":"S-1-5-21-4126913916-3287246507-2123901885-500","ComputerSID":"S-1-5-21-4126913916-3287246507-2123901885-1009"}],"Collected":true,"FailureReason":null},"LocalAdmins":{"Results":[{"ObjectIdentifier":"S-1-5-21-4126913916-3287246507-2123901885-500","ObjectType":"User"},{"ObjectIdentifier":"S-1-5-21-4126913916-3287246507-2123901885-1008","ObjectType":"User"},{"ObjectIdentifier":"S-1-5-21-4126913916-3287246507-2123901885-519","ObjectType":"Group"},{"ObjectIdentifier":"S-1-5-21-4126913916-3287246507-2123901885-512","ObjectType":"Group"}],"Collected":true,"FailureReason":null},"RemoteDesktopUsers":{"Results":[],"Collected":true,"FailureReason":null},"DcomUsers":{"Results":[],"Collected":true,"FailureReason":null},"PSRemoteUsers":{"Results":[],"Collected":true,"FailureReason":null},"Status":null,"Aces":[{"PrincipalSID":"S-1-5-21-4126913916-3287246507-2123901885-512","PrincipalType":"Group","RightName":"Owns","IsInherited":false},{"PrincipalSID":"S-1-5-21-4126913916-3287246507-2123901885-512","PrincipalType":"Group","RightName":"GenericAll","IsInherited":false},{"PrincipalSID":"S-1-5-21-4126913916-3287246507-2123901885-526","PrincipalType":"Group","RightName":"AddKeyCredentialLink","IsInherited":true},{"PrincipalSID":"S-1-5-21-4126913916-3287246507-2123901885-527","PrincipalType":"Group","RightName":"AddKeyCredentialLink","IsInherited":true},{"PrincipalSID":"S-1-5-21-4126913916-3287246507-2123901885-519","PrincipalType":"Group","RightName":"GenericAll","IsInherited":true},{"PrincipalSID":"STD101.FORESTALL.LABS-S-1-5-32-544","PrincipalType":"Group","RightName":"WriteDacl","IsInherited":true},{"PrincipalSID":"STD101.FORESTALL.LABS-S-1-5-32-544","PrincipalType":"Group","RightName":"WriteOwner","IsInherited":true},{"PrincipalSID":"STD101.FORESTALL.LABS-S-1-5-32-544","PrincipalType":"Group","RightName":"GenericWrite","IsInherited":true}],"ObjectIdentifier":"S-1-5-21-4126913916-3287246507-2123901885-1009","IsDeleted":false,"IsACLProtected":false,"Properties":{"domain":"STD101.FORESTALL.LABS","name":"FSDC01.STD101.FORESTALL.LABS","distinguishedname":"CN=FSDC01,OU=DOMAIN CONTROLLERS,DC=STD101,DC=FORESTALL,DC=LABS","domainsid":"S-1-5-21-4126913916-3287246507-2123901885","highvalue":false,"haslaps":false,"description":null,"whencreated":1656257137,"enabled":true,"unconstraineddelegation":true,"trustedtoauth":false,"lastlogon":1656314749,"lastlogontimestamp":1656257177,"pwdlastset":1656257153,"serviceprincipalnames":["HTTP/FSDC01","WSMAN/FSDC01","HTTP/FSDC01.std101.forestall.labs","WSMAN/FSDC01.std101.forestall.labs","Dfsr-12F9A27C-BF97-4787-9364-D31B6C55EB04/FSDC01.std101.forestall.labs","TERMSRV/FSDC01","TERMSRV/FSDC01.std101.forestall.labs","ldap/FSDC01.std101.forestall.labs/ForestDnsZones.std101.forestall.labs","ldap/FSDC01.std101.forestall.labs/DomainDnsZones.std101.forestall.labs","DNS/FSDC01.std101.forestall.labs","GC/FSDC01.std101.forestall.labs/std101.forestall.labs","RestrictedKrbHost/FSDC01.std101.forestall.labs","RestrictedKrbHost/FSDC01","RPC/72f0a2e5-dbcc-4e98-ad1b-73670a7c3176._msdcs.std101.forestall.labs","HOST/FSDC01/FORESTALL","HOST/FSDC01.std101.forestall.labs/FORESTALL","HOST/FSDC01","HOST/FSDC01.std101.forestall.labs","HOST/FSDC01.std101.forestall.labs/std101.forestall.labs","E3514235-4B06-11D1-AB04-00C04FC2DCD2/72f0a2e5-dbcc-4e98-ad1b-73670a7c3176/std101.forestall.labs","ldap/FSDC01/FORESTALL","ldap/72f0a2e5-dbcc-4e98-ad1b-73670a7c3176._msdcs.std101.forestall.labs","ldap/FSDC01.std101.forestall.labs/FORESTALL","ldap/FSDC01","ldap/FSDC01.std101.forestall.labs","ldap/FSDC01.std101.forestall.labs/std101.forestall.labs"],"operatingsystem":"Windows Server 2016 Datacenter","sidhistory":[]}},{"PrimaryGroupSID":"S-1-5-21-4126913916-3287246507-2123901885-515","AllowedToDelegate":[],"AllowedToAct":[],"HasSIDHistory":[],"Sessions":{"Results":[],"Collected":false,"FailureReason":null},"PrivilegedSessions":{"Results":[],"Collected":false,"FailureReason":null},"RegistrySessions":{"Results":[],"Collected":false,"FailureReason":null},"LocalAdmins":{"Results":[],"Collected":false,"FailureReason":null},"RemoteDesktopUsers":{"Results":[],"Collected":false,"FailureReason":null},"DcomUsers":{"Results":[],"Collected":false,"FailureReason":null},"PSRemoteUsers":{"Results":[],"Collected":false,"FailureReason":null},"Status":null,"Aces":[{"PrincipalSID":"S-1-5-21-4126913916-3287246507-2123901885-512","PrincipalType":"Group","RightName":"Owns","IsInherited":false},{"PrincipalSID":"STD101.FORESTALL.LABS-S-1-5-32-548","PrincipalType":"Group","RightName":"GenericAll","IsInherited":false},{"PrincipalSID":"S-1-5-21-4126913916-3287246507-2123901885-512","PrincipalType":"Group","RightName":"GenericAll","IsInherited":false},{"PrincipalSID":"S-1-5-21-4126913916-3287246507-2123901885-526","PrincipalType":"Group","RightName":"AddKeyCredentialLink","IsInherited":true},{"PrincipalSID":"S-1-5-21-4126913916-3287246507-2123901885-527","PrincipalType":"Group","RightName":"AddKeyCredentialLink","IsInherited":true},{"PrincipalSID":"S-1-5-21-4126913916-3287246507-2123901885-519","PrincipalType":"Group","RightName":"GenericAll","IsInherited":true},{"PrincipalSID":"STD101.FORESTALL.LABS-S-1-5-32-544","PrincipalType":"Group","RightName":"WriteDacl","IsInherited":true},{"PrincipalSID":"STD101.FORESTALL.LABS-S-1-5-32-544","PrincipalType":"Group","RightName":"WriteOwner","IsInherited":true},{"PrincipalSID":"STD101.FORESTALL.LABS-S-1-5-32-544","PrincipalType":"Group","RightName":"GenericWrite","IsInherited":true}],"ObjectIdentifier":"S-1-5-21-4126913916-3287246507-2123901885-1692","IsDeleted":false,"IsACLProtected":false,"Properties":{"domain":"STD101.FORESTALL.LABS","name":"FSMSSQL.STD101.FORESTALL.LABS","distinguishedname":"CN=FSMSSQL,CN=COMPUTERS,DC=STD101,DC=FORESTALL,DC=LABS","domainsid":"S-1-5-21-4126913916-3287246507-2123901885","highvalue":false,"haslaps":false,"description":null,"whencreated":1656258815,"enabled":true,"unconstraineddelegation":true,"trustedtoauth":false,"lastlogon":1656334929,"lastlogontimestamp":1656258815,"pwdlastset":1656258815,"serviceprincipalnames":["MSSQLSvc/FSMSSQL.std101.forestall.labs:1433","MSSQLSvc/FSMSSQL.std101.forestall.labs","WSMAN/FSMSSQL","WSMAN/FSMSSQL.std101.forestall.labs","TERMSRV/FSMSSQL","TERMSRV/FSMSSQL.std101.forestall.labs","RestrictedKrbHost/FSMSSQL","HOST/FSMSSQL","RestrictedKrbHost/FSMSSQL.std101.forestall.labs","HOST/FSMSSQL.std101.forestall.labs"],"operatingsystem":"Windows Server 2016 Datacenter","sidhistory":[]}},{"PrimaryGroupSID":"S-1-5-21-3667276930-535864967-1787924972-515","AllowedToDelegate":[],"AllowedToAct":[],"HasSIDHistory":[],"Sessions":{"Results":[],"Collected":true,"FailureReason":null},"PrivilegedSessions":{"Results":[{"UserSID":"S-1-5-21-3667276930-535864967-1787924972-1709","ComputerSID":"S-1-5-21-3667276930-535864967-1787924972-1707"},{"UserSID":"S-1-5-21-3667276930-535864967-1787924972-1709","ComputerSID":"S-1-5-21-3667276930-535864967-1787924972-1707"}],"Collected":true,"FailureReason":null},"RegistrySessions":{"Results":[{"UserSID":"S-1-5-21-2394605253-1179965018-4168650668-500","ComputerSID":"S-1-5-21-3667276930-535864967-1787924972-1707"},{"UserSID":"S-1-5-21-3667276930-535864967-1787924972-1709","ComputerSID":"S-1-5-21-3667276930-535864967-1787924972-1707"}],"Collected":true,"FailureReason":null},"LocalAdmins":{"Results":[{"ObjectIdentifier":"S-1-5-21-3667276930-535864967-1787924972-512","ObjectType":"Group"},{"ObjectIdentifier":"S-1-5-21-3667276930-535864967-1787924972-1709","ObjectType":"User"}],"Collected":true,"FailureReason":null},"RemoteDesktopUsers":{"Results":[],"Collected":true,"FailureReason":null},"DcomUsers":{"Results":[],"Collected":true,"FailureReason":null},"PSRemoteUsers":{"Results":[],"Collected":true,"FailureReason":null},"Status":null,"Aces":[{"PrincipalSID":"S-1-5-21-3667276930-535864967-1787924972-512","PrincipalType":"Group","RightName":"Owns","IsInherited":false},{"PrincipalSID":"RD.STD101.FORESTALL.LABS-S-1-5-32-548","PrincipalType":"Group","RightName":"GenericAll","IsInherited":false},{"PrincipalSID":"S-1-5-21-3667276930-535864967-1787924972-512","PrincipalType":"Group","RightName":"GenericAll","IsInherited":false},{"PrincipalSID":"S-1-5-21-4126913916-3287246507-2123901885-527","PrincipalType":"Group","RightName":"AddKeyCredentialLink","IsInherited":true},{"PrincipalSID":"S-1-5-21-3667276930-535864967-1787924972-526","PrincipalType":"Group","RightName":"AddKeyCredentialLink","IsInherited":true},{"PrincipalSID":"S-1-5-21-4126913916-3287246507-2123901885-519","PrincipalType":"Group","RightName":"GenericAll","IsInherited":true},{"PrincipalSID":"RD.STD101.FORESTALL.LABS-S-1-5-32-544","PrincipalType":"Group","RightName":"WriteDacl","IsInherited":true},{"PrincipalSID":"RD.STD101.FORESTALL.LABS-S-1-5-32-544","PrincipalType":"Group","RightName":"WriteOwner","IsInherited":true},{"PrincipalSID":"RD.STD101.FORESTALL.LABS-S-1-5-32-544","PrincipalType":"Group","RightName":"GenericWrite","IsInherited":true}],"ObjectIdentifier":"S-1-5-21-3667276930-535864967-1787924972-1707","IsDeleted":false,"IsACLProtected":false,"Properties":{"domain":"RD.STD101.FORESTALL.LABS","name":"RDWS01.RD.STD101.FORESTALL.LABS","distinguishedname":"CN=RDWS01,CN=COMPUTERS,DC=RD,DC=STD101,DC=FORESTALL,DC=LABS","domainsid":"S-1-5-21-3667276930-535864967-1787924972","highvalue":false,"haslaps":false,"description":null,"whencreated":1656260473,"enabled":true,"unconstraineddelegation":true,"trustedtoauth":false,"lastlogon":1656335144,"lastlogontimestamp":1656260473,"pwdlastset":1656260473,"serviceprincipalnames":["TERMSRV/RDWS01","TERMSRV/RDWS01.RD.std101.forestall.labs","WSMAN/RDWS01","WSMAN/RDWS01.RD.std101.forestall.labs","RestrictedKrbHost/RDWS01","HOST/RDWS01","RestrictedKrbHost/RDWS01.RD.std101.forestall.labs","HOST/RDWS01.RD.std101.forestall.labs"],"operatingsystem":"Windows Server 2016 Datacenter","sidhistory":[]}},{"PrimaryGroupSID":"S-1-5-21-3667276930-535864967-1787924972-516","AllowedToDelegate":[],"AllowedToAct":[],"HasSIDHistory":[],"Sessions":{"Results":[],"Collected":true,"FailureReason":null},"PrivilegedSessions":{"Results":[],"Collected":false,"FailureReason":"ERROR_ACCESS_DENIED"},"RegistrySessions":{"Results":[{"UserSID":"S-1-5-21-3667276930-535864967-1787924972-500","ComputerSID":"S-1-5-21-3667276930-535864967-1787924972-1009"}],"Collected":true,"FailureReason":null},"LocalAdmins":{"Results":[{"ObjectIdentifier":"S-1-5-21-3667276930-535864967-1787924972-500","ObjectType":"User"},{"ObjectIdentifier":"S-1-5-21-3667276930-535864967-1787924972-1008","ObjectType":"User"},{"ObjectIdentifier":"S-1-5-21-3667276930-535864967-1787924972-512","ObjectType":"Group"},{"ObjectIdentifier":"S-1-5-21-4126913916-3287246507-2123901885-519","ObjectType":"Group"}],"Collected":true,"FailureReason":null},"RemoteDesktopUsers":{"Results":[],"Collected":true,"FailureReason":null},"DcomUsers":{"Results":[],"Collected":true,"FailureReason":null},"PSRemoteUsers":{"Results":[],"Collected":true,"FailureReason":null},"Status":null,"Aces":[{"PrincipalSID":"S-1-5-21-3667276930-535864967-1787924972-512","PrincipalType":"Group","RightName":"Owns","IsInherited":false},{"PrincipalSID":"S-1-5-21-3667276930-535864967-1787924972-512","PrincipalType":"Group","RightName":"GenericAll","IsInherited":false},{"PrincipalSID":"S-1-5-21-4126913916-3287246507-2123901885-527","PrincipalType":"Group","RightName":"AddKeyCredentialLink","IsInherited":true},{"PrincipalSID":"S-1-5-21-3667276930-535864967-1787924972-526","PrincipalType":"Group","RightName":"AddKeyCredentialLink","IsInherited":true},{"PrincipalSID":"S-1-5-21-4126913916-3287246507-2123901885-519","PrincipalType":"Group","RightName":"GenericAll","IsInherited":true},{"PrincipalSID":"RD.STD101.FORESTALL.LABS-S-1-5-32-544","PrincipalType":"Group","RightName":"WriteDacl","IsInherited":true},{"PrincipalSID":"RD.STD101.FORESTALL.LABS-S-1-5-32-544","PrincipalType":"Group","RightName":"WriteOwner","IsInherited":true},{"PrincipalSID":"RD.STD101.FORESTALL.LABS-S-1-5-32-544","PrincipalType":"Group","RightName":"GenericWrite","IsInherited":true}],"ObjectIdentifier":"S-1-5-21-3667276930-535864967-1787924972-1009","IsDeleted":false,"IsACLProtected":false,"Properties":{"domain":"RD.STD101.FORESTALL.LABS","name":"RDDC01.RD.STD101.FORESTALL.LABS","distinguishedname":"CN=RDDC01,OU=DOMAIN CONTROLLERS,DC=RD,DC=STD101,DC=FORESTALL,DC=LABS","domainsid":"S-1-5-21-3667276930-535864967-1787924972","highvalue":false,"haslaps":false,"description":null,"whencreated":1656258109,"enabled":true,"unconstraineddelegation":true,"trustedtoauth":false,"lastlogon":1656325758,"lastlogontimestamp":1656258151,"pwdlastset":1656258133,"serviceprincipalnames":["ldap/RDDC01.RD.std101.forestall.labs/DomainDnsZones.RD.std101.forestall.labs","ldap/RDDC01.RD.std101.forestall.labs/ForestDnsZones.std101.forestall.labs","Dfsr-12F9A27C-BF97-4787-9364-D31B6C55EB04/RDDC01.RD.std101.forestall.labs","HTTP/RDDC01","WSMAN/RDDC01","HTTP/RDDC01.rd.std101.forestall.labs","WSMAN/RDDC01.rd.std101.forestall.labs","TERMSRV/RDDC01","TERMSRV/RDDC01.RD.std101.forestall.labs","DNS/RDDC01.RD.std101.forestall.labs","GC/RDDC01.RD.std101.forestall.labs/std101.forestall.labs","RestrictedKrbHost/RDDC01.RD.std101.forestall.labs","RestrictedKrbHost/RDDC01","RPC/e40192b4-205e-4db8-a82b-2381d7ca9778._msdcs.std101.forestall.labs","HOST/RDDC01/RD","HOST/RDDC01.RD.std101.forestall.labs/RD","HOST/RDDC01","HOST/RDDC01.RD.std101.forestall.labs","HOST/RDDC01.RD.std101.forestall.labs/RD.std101.forestall.labs","E3514235-4B06-11D1-AB04-00C04FC2DCD2/e40192b4-205e-4db8-a82b-2381d7ca9778/RD.std101.forestall.labs","ldap/RDDC01/RD","ldap/e40192b4-205e-4db8-a82b-2381d7ca9778._msdcs.std101.forestall.labs","ldap/RDDC01.RD.std101.forestall.labs/RD","ldap/RDDC01","ldap/RDDC01.RD.std101.forestall.labs","ldap/RDDC01.RD.std101.forestall.labs/RD.std101.forestall.labs"],"operatingsystem":"Windows Server 2016 Datacenter","sidhistory":[]}},{"PrimaryGroupSID":"S-1-5-21-3667276930-535864967-1787924972-515","AllowedToDelegate":[{"ObjectIdentifier":"S-1-5-21-3667276930-535864967-1787924972-1009","ObjectType":"Computer"}],"AllowedToAct":[],"HasSIDHistory":[],"Sessions":{"Results":[],"Collected":true,"FailureReason":null},"PrivilegedSessions":{"Results":[],"Collected":false,"FailureReason":"ERROR_ACCESS_DENIED"},"RegistrySessions":{"Results":[{"UserSID":"S-1-5-21-302197219-360119312-3034611074-500","ComputerSID":"S-1-5-21-3667276930-535864967-1787924972-1706"}],"Collected":true,"FailureReason":null},"LocalAdmins":{"Results":[],"Collected":false,"FailureReason":"SAMRPCServerInit Failed"},"RemoteDesktopUsers":{"Results":[],"Collected":false,"FailureReason":"SAMRPCServerInit Failed"},"DcomUsers":{"Results":[],"Collected":false,"FailureReason":"SAMRPCServerInit Failed"},"PSRemoteUsers":{"Results":[],"Collected":false,"FailureReason":"SAMRPCServerInit Failed"},"Status":null,"Aces":[{"PrincipalSID":"S-1-5-21-3667276930-535864967-1787924972-512","PrincipalType":"Group","RightName":"Owns","IsInherited":false},{"PrincipalSID":"RD.STD101.FORESTALL.LABS-S-1-5-32-548","PrincipalType":"Group","RightName":"GenericAll","IsInherited":false},{"PrincipalSID":"S-1-5-21-3667276930-535864967-1787924972-512","PrincipalType":"Group","RightName":"GenericAll","IsInherited":false},{"PrincipalSID":"S-1-5-21-4126913916-3287246507-2123901885-527","PrincipalType":"Group","RightName":"AddKeyCredentialLink","IsInherited":true},{"PrincipalSID":"S-1-5-21-3667276930-535864967-1787924972-526","PrincipalType":"Group","RightName":"AddKeyCredentialLink","IsInherited":true},{"PrincipalSID":"S-1-5-21-4126913916-3287246507-2123901885-519","PrincipalType":"Group","RightName":"GenericAll","IsInherited":true},{"PrincipalSID":"RD.STD101.FORESTALL.LABS-S-1-5-32-544","PrincipalType":"Group","RightName":"WriteDacl","IsInherited":true},{"PrincipalSID":"RD.STD101.FORESTALL.LABS-S-1-5-32-544","PrincipalType":"Group","RightName":"WriteOwner","IsInherited":true},{"PrincipalSID":"RD.STD101.FORESTALL.LABS-S-1-5-32-544","PrincipalType":"Group","RightName":"GenericWrite","IsInherited":true}],"ObjectIdentifier":"S-1-5-21-3667276930-535864967-1787924972-1706","IsDeleted":false,"IsACLProtected":false,"Properties":{"domain":"RD.STD101.FORESTALL.LABS","name":"RDIIS.RD.STD101.FORESTALL.LABS","distinguishedname":"CN=RDIIS,CN=COMPUTERS,DC=RD,DC=STD101,DC=FORESTALL,DC=LABS","domainsid":"S-1-5-21-3667276930-535864967-1787924972","highvalue":false,"haslaps":false,"description":null,"whencreated":1656259719,"allowedtodelegate":["HTTP/RDDC01.RD.std101.forestall.labs","HOST/RDDC01.RD.std101.forestall.labs","LDAP/RDDC01.RD.std101.forestall.labs","CIFS/RDDC01.RD.std101.forestall.labs","WSMAN/RDDC01.RD.std101.forestall.labs"],"enabled":true,"unconstraineddelegation":false,"trustedtoauth":true,"lastlogon":1656335435,"lastlogontimestamp":1656259719,"pwdlastset":1656259719,"serviceprincipalnames":["WSMAN/RDIIS","WSMAN/RDIIS.RD.std101.forestall.labs","TERMSRV/RDIIS","TERMSRV/RDIIS.RD.std101.forestall.labs","RestrictedKrbHost/RDIIS","HOST/RDIIS","RestrictedKrbHost/RDIIS.RD.std101.forestall.labs","HOST/RDIIS.RD.std101.forestall.labs"],"operatingsystem":"Windows Server 2016 Datacenter","sidhistory":[]}}],"meta":{"methods":29695,"type":"computers","count":5,"version":4}}