﻿{"data":[{"Aces":[{"PrincipalSID":"S-1-5-21-4126913916-3287246507-2123901885-512","PrincipalType":"Group","RightName":"Owns","IsInherited":false},{"PrincipalSID":"S-1-5-21-4126913916-3287246507-2123901885-512","PrincipalType":"Group","RightName":"WriteDacl","IsInherited":false},{"PrincipalSID":"S-1-5-21-4126913916-3287246507-2123901885-512","PrincipalType":"Group","RightName":"WriteOwner","IsInherited":false},{"PrincipalSID":"S-1-5-21-4126913916-3287246507-2123901885-512","PrincipalType":"Group","RightName":"GenericWrite","IsInherited":false},{"PrincipalSID":"S-1-5-21-4126913916-3287246507-2123901885-512","PrincipalType":"Group","RightName":"WriteDacl","IsInherited":false},{"PrincipalSID":"S-1-5-21-4126913916-3287246507-2123901885-512","PrincipalType":"Group","RightName":"WriteOwner","IsInherited":false},{"PrincipalSID":"S-1-5-21-4126913916-3287246507-2123901885-512","PrincipalType":"Group","RightName":"GenericWrite","IsInherited":false},{"PrincipalSID":"S-1-5-21-4126913916-3287246507-2123901885-519","PrincipalType":"Group","RightName":"WriteDacl","IsInherited":false},{"PrincipalSID":"S-1-5-21-4126913916-3287246507-2123901885-519","PrincipalType":"Group","RightName":"WriteOwner","IsInherited":false},{"PrincipalSID":"S-1-5-21-4126913916-3287246507-2123901885-519","PrincipalType":"Group","RightName":"GenericWrite","IsInherited":false}],"ObjectIdentifier":"D6E48D76-54E6-4F92-92A7-47EC788895ED","IsDeleted":false,"IsACLProtected":true,"Properties":{"domain":"STD101.FORESTALL.LABS","name":"DEFAULT DOMAIN POLICY@STD101.FORESTALL.LABS","distinguishedname":"CN={31B2F340-016D-11D2-945F-00C04FB984F9},CN=POLICIES,CN=SYSTEM,DC=STD101,DC=FORESTALL,DC=LABS","domainsid":"S-1-5-21-4126913916-3287246507-2123901885","highvalue":false,"description":null,"whencreated":1656257047,"gpcpath":"\\\\STD101.FORESTALL.LABS\\SYSVOL\\STD101.FORESTALL.LABS\\POLICIES\\{31B2F340-016D-11D2-945F-00C04FB984F9}"}},{"Aces":[{"PrincipalSID":"S-1-5-21-4126913916-3287246507-2123901885-512","PrincipalType":"Group","RightName":"Owns","IsInherited":false},{"PrincipalSID":"S-1-5-21-4126913916-3287246507-2123901885-512","PrincipalType":"Group","RightName":"WriteDacl","IsInherited":false},{"PrincipalSID":"S-1-5-21-4126913916-3287246507-2123901885-512","PrincipalType":"Group","RightName":"WriteOwner","IsInherited":false},{"PrincipalSID":"S-1-5-21-4126913916-3287246507-2123901885-512","PrincipalType":"Group","RightName":"GenericWrite","IsInherited":false},{"PrincipalSID":"S-1-5-21-4126913916-3287246507-2123901885-512","PrincipalType":"Group","RightName":"WriteDacl","IsInherited":false},{"PrincipalSID":"S-1-5-21-4126913916-3287246507-2123901885-512","PrincipalType":"Group","RightName":"WriteOwner","IsInherited":false},{"PrincipalSID":"S-1-5-21-4126913916-3287246507-2123901885-512","PrincipalType":"Group","RightName":"GenericWrite","IsInherited":false},{"PrincipalSID":"S-1-5-21-4126913916-3287246507-2123901885-519","PrincipalType":"Group","RightName":"WriteDacl","IsInherited":false},{"PrincipalSID":"S-1-5-21-4126913916-3287246507-2123901885-519","PrincipalType":"Group","RightName":"WriteOwner","IsInherited":false},{"PrincipalSID":"S-1-5-21-4126913916-3287246507-2123901885-519","PrincipalType":"Group","RightName":"GenericWrite","IsInherited":false}],"ObjectIdentifier":"6B6A8D97-2DF1-45F6-BF81-764B1E01FF87","IsDeleted":false,"IsACLProtected":true,"Properties":{"domain":"STD101.FORESTALL.LABS","name":"DEFAULT DOMAIN CONTROLLERS POLICY@STD101.FORESTALL.LABS","distinguishedname":"CN={6AC1786C-016F-11D2-945F-00C04FB984F9},CN=POLICIES,CN=SYSTEM,DC=STD101,DC=FORESTALL,DC=LABS","domainsid":"S-1-5-21-4126913916-3287246507-2123901885","highvalue":false,"description":null,"whencreated":1656257047,"gpcpath":"\\\\STD101.FORESTALL.LABS\\SYSVOL\\STD101.FORESTALL.LABS\\POLICIES\\{6AC1786C-016F-11D2-945F-00C04FB984F9}"}},{"Aces":[{"PrincipalSID":"S-1-5-21-4126913916-3287246507-2123901885-512","PrincipalType":"Group","RightName":"Owns","IsInherited":false},{"PrincipalSID":"S-1-5-21-4126913916-3287246507-2123901885-512","PrincipalType":"Group","RightName":"WriteDacl","IsInherited":false},{"PrincipalSID":"S-1-5-21-4126913916-3287246507-2123901885-512","PrincipalType":"Group","RightName":"WriteOwner","IsInherited":false},{"PrincipalSID":"S-1-5-21-4126913916-3287246507-2123901885-512","PrincipalType":"Group","RightName":"GenericWrite","IsInherited":false},{"PrincipalSID":"S-1-5-21-4126913916-3287246507-2123901885-519","PrincipalType":"Group","RightName":"WriteDacl","IsInherited":false},{"PrincipalSID":"S-1-5-21-4126913916-3287246507-2123901885-519","PrincipalType":"Group","RightName":"WriteOwner","IsInherited":false},{"PrincipalSID":"S-1-5-21-4126913916-3287246507-2123901885-519","PrincipalType":"Group","RightName":"GenericWrite","IsInherited":false}],"ObjectIdentifier":"22A3577E-7284-44EC-B978-209F52C2867C","IsDeleted":false,"IsACLProtected":true,"Properties":{"domain":"STD101.FORESTALL.LABS","name":"UPDATE LOCAL GROUP MEMBERSHIPS@STD101.FORESTALL.LABS","distinguishedname":"CN={64A4F0C9-D6E8-44FB-81D5-8FA4EAE3B38A},CN=POLICIES,CN=SYSTEM,DC=STD101,DC=FORESTALL,DC=LABS","domainsid":"S-1-5-21-4126913916-3287246507-2123901885","highvalue":false,"description":null,"whencreated":1656257711,"gpcpath":"\\\\STD101.FORESTALL.LABS\\SYSVOL\\STD101.FORESTALL.LABS\\POLICIES\\{64A4F0C9-D6E8-44FB-81D5-8FA4EAE3B38A}"}},{"Aces":[{"PrincipalSID":"S-1-5-21-4126913916-3287246507-2123901885-512","PrincipalType":"Group","RightName":"Owns","IsInherited":false},{"PrincipalSID":"S-1-5-21-4126913916-3287246507-2123901885-512","PrincipalType":"Group","RightName":"WriteDacl","IsInherited":false},{"PrincipalSID":"S-1-5-21-4126913916-3287246507-2123901885-512","PrincipalType":"Group","RightName":"WriteOwner","IsInherited":false},{"PrincipalSID":"S-1-5-21-4126913916-3287246507-2123901885-512","PrincipalType":"Group","RightName":"GenericWrite","IsInherited":false},{"PrincipalSID":"S-1-5-21-4126913916-3287246507-2123901885-519","PrincipalType":"Group","RightName":"WriteDacl","IsInherited":false},{"PrincipalSID":"S-1-5-21-4126913916-3287246507-2123901885-519","PrincipalType":"Group","RightName":"WriteOwner","IsInherited":false},{"PrincipalSID":"S-1-5-21-4126913916-3287246507-2123901885-519","PrincipalType":"Group","RightName":"GenericWrite","IsInherited":false}],"ObjectIdentifier":"7A1574FC-6F31-4DC5-81A2-EE3FD1DAAA3D","IsDeleted":false,"IsACLProtected":true,"Properties":{"domain":"STD101.FORESTALL.LABS","name":"THIRD DIAGNOSTICS MANAGEMENT DEBUGGING@STD101.FORESTALL.LABS","distinguishedname":"CN={CE07D51C-67E5-4D4F-9EFF-A767C6B4EFAB},CN=POLICIES,CN=SYSTEM,DC=STD101,DC=FORESTALL,DC=LABS","domainsid":"S-1-5-21-4126913916-3287246507-2123901885","highvalue":false,"description":null,"whencreated":1656257747,"gpcpath":"\\\\STD101.FORESTALL.LABS\\SYSVOL\\STD101.FORESTALL.LABS\\POLICIES\\{CE07D51C-67E5-4D4F-9EFF-A767C6B4EFAB}"}},{"Aces":[{"PrincipalSID":"S-1-5-21-4126913916-3287246507-2123901885-512","PrincipalType":"Group","RightName":"Owns","IsInherited":false},{"PrincipalSID":"S-1-5-21-4126913916-3287246507-2123901885-512","PrincipalType":"Group","RightName":"WriteDacl","IsInherited":false},{"PrincipalSID":"S-1-5-21-4126913916-3287246507-2123901885-512","PrincipalType":"Group","RightName":"WriteOwner","IsInherited":false},{"PrincipalSID":"S-1-5-21-4126913916-3287246507-2123901885-512","PrincipalType":"Group","RightName":"GenericWrite","IsInherited":false},{"PrincipalSID":"S-1-5-21-4126913916-3287246507-2123901885-519","PrincipalType":"Group","RightName":"WriteDacl","IsInherited":false},{"PrincipalSID":"S-1-5-21-4126913916-3287246507-2123901885-519","PrincipalType":"Group","RightName":"WriteOwner","IsInherited":false},{"PrincipalSID":"S-1-5-21-4126913916-3287246507-2123901885-519","PrincipalType":"Group","RightName":"GenericWrite","IsInherited":false}],"ObjectIdentifier":"23977BCE-1D9D-4BFC-A7CC-3F9ED34E414E","IsDeleted":false,"IsACLProtected":true,"Properties":{"domain":"STD101.FORESTALL.LABS","name":"SECURITY SIGNALS HR THIRD OPERATIONS@STD101.FORESTALL.LABS","distinguishedname":"CN={93DC71A5-FE1F-4A65-95F2-4B27E54C72FE},CN=POLICIES,CN=SYSTEM,DC=STD101,DC=FORESTALL,DC=LABS","domainsid":"S-1-5-21-4126913916-3287246507-2123901885","highvalue":false,"description":null,"whencreated":1656257747,"gpcpath":"\\\\STD101.FORESTALL.LABS\\SYSVOL\\STD101.FORESTALL.LABS\\POLICIES\\{93DC71A5-FE1F-4A65-95F2-4B27E54C72FE}"}},{"Aces":[{"PrincipalSID":"S-1-5-21-4126913916-3287246507-2123901885-512","PrincipalType":"Group","RightName":"Owns","IsInherited":false},{"PrincipalSID":"S-1-5-21-4126913916-3287246507-2123901885-512","PrincipalType":"Group","RightName":"WriteDacl","IsInherited":false},{"PrincipalSID":"S-1-5-21-4126913916-3287246507-2123901885-512","PrincipalType":"Group","RightName":"WriteOwner","IsInherited":false},{"PrincipalSID":"S-1-5-21-4126913916-3287246507-2123901885-512","PrincipalType":"Group","RightName":"GenericWrite","IsInherited":false},{"PrincipalSID":"S-1-5-21-4126913916-3287246507-2123901885-519","PrincipalType":"Group","RightName":"WriteDacl","IsInherited":false},{"PrincipalSID":"S-1-5-21-4126913916-3287246507-2123901885-519","PrincipalType":"Group","RightName":"WriteOwner","IsInherited":false},{"PrincipalSID":"S-1-5-21-4126913916-3287246507-2123901885-519","PrincipalType":"Group","RightName":"GenericWrite","IsInherited":false}],"ObjectIdentifier":"07BE4E34-7106-4C6A-8DE2-0EE43E4257C7","IsDeleted":false,"IsACLProtected":true,"Properties":{"domain":"STD101.FORESTALL.LABS","name":"HR ACCOUNTING OFFICE MANAGEMENT@STD101.FORESTALL.LABS","distinguishedname":"CN={CCA09E06-37EB-4F64-91F4-846229BDE4D1},CN=POLICIES,CN=SYSTEM,DC=STD101,DC=FORESTALL,DC=LABS","domainsid":"S-1-5-21-4126913916-3287246507-2123901885","highvalue":false,"description":null,"whencreated":1656257748,"gpcpath":"\\\\STD101.FORESTALL.LABS\\SYSVOL\\STD101.FORESTALL.LABS\\POLICIES\\{CCA09E06-37EB-4F64-91F4-846229BDE4D1}"}},{"Aces":[{"PrincipalSID":"S-1-5-21-4126913916-3287246507-2123901885-512","PrincipalType":"Group","RightName":"Owns","IsInherited":false},{"PrincipalSID":"S-1-5-21-4126913916-3287246507-2123901885-512","PrincipalType":"Group","RightName":"WriteDacl","IsInherited":false},{"PrincipalSID":"S-1-5-21-4126913916-3287246507-2123901885-512","PrincipalType":"Group","RightName":"WriteOwner","IsInherited":false},{"PrincipalSID":"S-1-5-21-4126913916-3287246507-2123901885-512","PrincipalType":"Group","RightName":"GenericWrite","IsInherited":false},{"PrincipalSID":"S-1-5-21-4126913916-3287246507-2123901885-519","PrincipalType":"Group","RightName":"WriteDacl","IsInherited":false},{"PrincipalSID":"S-1-5-21-4126913916-3287246507-2123901885-519","PrincipalType":"Group","RightName":"WriteOwner","IsInherited":false},{"PrincipalSID":"S-1-5-21-4126913916-3287246507-2123901885-519","PrincipalType":"Group","RightName":"GenericWrite","IsInherited":false}],"ObjectIdentifier":"6C854619-A82C-4FE5-BC57-AD3F07692FB7","IsDeleted":false,"IsACLProtected":true,"Properties":{"domain":"STD101.FORESTALL.LABS","name":"DEBUGGING IT HR DENY SIGNALS@STD101.FORESTALL.LABS","distinguishedname":"CN={E60B0814-D9E0-49BE-9731-3A1359D59C03},CN=POLICIES,CN=SYSTEM,DC=STD101,DC=FORESTALL,DC=LABS","domainsid":"S-1-5-21-4126913916-3287246507-2123901885","highvalue":false,"description":null,"whencreated":1656257749,"gpcpath":"\\\\STD101.FORESTALL.LABS\\SYSVOL\\STD101.FORESTALL.LABS\\POLICIES\\{E60B0814-D9E0-49BE-9731-3A1359D59C03}"}},{"Aces":[{"PrincipalSID":"S-1-5-21-4126913916-3287246507-2123901885-512","PrincipalType":"Group","RightName":"Owns","IsInherited":false},{"PrincipalSID":"S-1-5-21-4126913916-3287246507-2123901885-512","PrincipalType":"Group","RightName":"WriteDacl","IsInherited":false},{"PrincipalSID":"S-1-5-21-4126913916-3287246507-2123901885-512","PrincipalType":"Group","RightName":"WriteOwner","IsInherited":false},{"PrincipalSID":"S-1-5-21-4126913916-3287246507-2123901885-512","PrincipalType":"Group","RightName":"GenericWrite","IsInherited":false},{"PrincipalSID":"S-1-5-21-4126913916-3287246507-2123901885-519","PrincipalType":"Group","RightName":"WriteDacl","IsInherited":false},{"PrincipalSID":"S-1-5-21-4126913916-3287246507-2123901885-519","PrincipalType":"Group","RightName":"WriteOwner","IsInherited":false},{"PrincipalSID":"S-1-5-21-4126913916-3287246507-2123901885-519","PrincipalType":"Group","RightName":"GenericWrite","IsInherited":false}],"ObjectIdentifier":"C1D2594A-200D-4CBC-AF25-3757CD269FF3","IsDeleted":false,"IsACLProtected":true,"Properties":{"domain":"STD101.FORESTALL.LABS","name":"SIGNALS ALLOW DEBUGGING HR@STD101.FORESTALL.LABS","distinguishedname":"CN={BD5B8CA5-43EB-4CEB-A92C-A7DD7C799524},CN=POLICIES,CN=SYSTEM,DC=STD101,DC=FORESTALL,DC=LABS","domainsid":"S-1-5-21-4126913916-3287246507-2123901885","highvalue":false,"description":null,"whencreated":1656257748,"gpcpath":"\\\\STD101.FORESTALL.LABS\\SYSVOL\\STD101.FORESTALL.LABS\\POLICIES\\{BD5B8CA5-43EB-4CEB-A92C-A7DD7C799524}"}},{"Aces":[{"PrincipalSID":"S-1-5-21-4126913916-3287246507-2123901885-512","PrincipalType":"Group","RightName":"Owns","IsInherited":false},{"PrincipalSID":"S-1-5-21-4126913916-3287246507-2123901885-512","PrincipalType":"Group","RightName":"WriteDacl","IsInherited":false},{"PrincipalSID":"S-1-5-21-4126913916-3287246507-2123901885-512","PrincipalType":"Group","RightName":"WriteOwner","IsInherited":false},{"PrincipalSID":"S-1-5-21-4126913916-3287246507-2123901885-512","PrincipalType":"Group","RightName":"GenericWrite","IsInherited":false},{"PrincipalSID":"S-1-5-21-4126913916-3287246507-2123901885-519","PrincipalType":"Group","RightName":"WriteDacl","IsInherited":false},{"PrincipalSID":"S-1-5-21-4126913916-3287246507-2123901885-519","PrincipalType":"Group","RightName":"WriteOwner","IsInherited":false},{"PrincipalSID":"S-1-5-21-4126913916-3287246507-2123901885-519","PrincipalType":"Group","RightName":"GenericWrite","IsInherited":false}],"ObjectIdentifier":"2C3FE4F9-8BA5-41FB-B4BD-1F26A7C5755F","IsDeleted":false,"IsACLProtected":true,"Properties":{"domain":"STD101.FORESTALL.LABS","name":"PERSONNEL SECURITY IT HR@STD101.FORESTALL.LABS","distinguishedname":"CN={D459500E-1172-4006-96AD-6D386BBC75B3},CN=POLICIES,CN=SYSTEM,DC=STD101,DC=FORESTALL,DC=LABS","domainsid":"S-1-5-21-4126913916-3287246507-2123901885","highvalue":false,"description":null,"whencreated":1656257749,"gpcpath":"\\\\STD101.FORESTALL.LABS\\SYSVOL\\STD101.FORESTALL.LABS\\POLICIES\\{D459500E-1172-4006-96AD-6D386BBC75B3}"}},{"Aces":[{"PrincipalSID":"S-1-5-21-4126913916-3287246507-2123901885-512","PrincipalType":"Group","RightName":"Owns","IsInherited":false},{"PrincipalSID":"S-1-5-21-4126913916-3287246507-2123901885-512","PrincipalType":"Group","RightName":"WriteDacl","IsInherited":false},{"PrincipalSID":"S-1-5-21-4126913916-3287246507-2123901885-512","PrincipalType":"Group","RightName":"WriteOwner","IsInherited":false},{"PrincipalSID":"S-1-5-21-4126913916-3287246507-2123901885-512","PrincipalType":"Group","RightName":"GenericWrite","IsInherited":false},{"PrincipalSID":"S-1-5-21-4126913916-3287246507-2123901885-519","PrincipalType":"Group","RightName":"WriteDacl","IsInherited":false},{"PrincipalSID":"S-1-5-21-4126913916-3287246507-2123901885-519","PrincipalType":"Group","RightName":"WriteOwner","IsInherited":false},{"PrincipalSID":"S-1-5-21-4126913916-3287246507-2123901885-519","PrincipalType":"Group","RightName":"GenericWrite","IsInherited":false}],"ObjectIdentifier":"5131775E-7619-450D-B364-C6698C59E6B6","IsDeleted":false,"IsACLProtected":true,"Properties":{"domain":"STD101.FORESTALL.LABS","name":"IT OFFICE ALLOW DIAGNOSTICS@STD101.FORESTALL.LABS","distinguishedname":"CN={9F7FE855-AE8C-4794-8B27-BF7B49104416},CN=POLICIES,CN=SYSTEM,DC=STD101,DC=FORESTALL,DC=LABS","domainsid":"S-1-5-21-4126913916-3287246507-2123901885","highvalue":false,"description":null,"whencreated":1656257749,"gpcpath":"\\\\STD101.FORESTALL.LABS\\SYSVOL\\STD101.FORESTALL.LABS\\POLICIES\\{9F7FE855-AE8C-4794-8B27-BF7B49104416}"}},{"Aces":[{"PrincipalSID":"S-1-5-21-4126913916-3287246507-2123901885-512","PrincipalType":"Group","RightName":"Owns","IsInherited":false},{"PrincipalSID":"S-1-5-21-4126913916-3287246507-2123901885-512","PrincipalType":"Group","RightName":"WriteDacl","IsInherited":false},{"PrincipalSID":"S-1-5-21-4126913916-3287246507-2123901885-512","PrincipalType":"Group","RightName":"WriteOwner","IsInherited":false},{"PrincipalSID":"S-1-5-21-4126913916-3287246507-2123901885-512","PrincipalType":"Group","RightName":"GenericWrite","IsInherited":false},{"PrincipalSID":"S-1-5-21-4126913916-3287246507-2123901885-519","PrincipalType":"Group","RightName":"WriteDacl","IsInherited":false},{"PrincipalSID":"S-1-5-21-4126913916-3287246507-2123901885-519","PrincipalType":"Group","RightName":"WriteOwner","IsInherited":false},{"PrincipalSID":"S-1-5-21-4126913916-3287246507-2123901885-519","PrincipalType":"Group","RightName":"GenericWrite","IsInherited":false}],"ObjectIdentifier":"12745FB4-66CD-4161-8165-790322793EFE","IsDeleted":false,"IsACLProtected":true,"Properties":{"domain":"STD101.FORESTALL.LABS","name":"POLICY CUSTOMIZE FIELD CONTROL@STD101.FORESTALL.LABS","distinguishedname":"CN={52AF05F5-F3DA-4921-9D33-FA60126BB9C2},CN=POLICIES,CN=SYSTEM,DC=STD101,DC=FORESTALL,DC=LABS","domainsid":"S-1-5-21-4126913916-3287246507-2123901885","highvalue":false,"description":null,"whencreated":1656257748,"gpcpath":"\\\\STD101.FORESTALL.LABS\\SYSVOL\\STD101.FORESTALL.LABS\\POLICIES\\{52AF05F5-F3DA-4921-9D33-FA60126BB9C2}"}},{"Aces":[{"PrincipalSID":"S-1-5-21-4126913916-3287246507-2123901885-512","PrincipalType":"Group","RightName":"Owns","IsInherited":false},{"PrincipalSID":"S-1-5-21-4126913916-3287246507-2123901885-512","PrincipalType":"Group","RightName":"WriteDacl","IsInherited":false},{"PrincipalSID":"S-1-5-21-4126913916-3287246507-2123901885-512","PrincipalType":"Group","RightName":"WriteOwner","IsInherited":false},{"PrincipalSID":"S-1-5-21-4126913916-3287246507-2123901885-512","PrincipalType":"Group","RightName":"GenericWrite","IsInherited":false},{"PrincipalSID":"S-1-5-21-4126913916-3287246507-2123901885-519","PrincipalType":"Group","RightName":"WriteDacl","IsInherited":false},{"PrincipalSID":"S-1-5-21-4126913916-3287246507-2123901885-519","PrincipalType":"Group","RightName":"WriteOwner","IsInherited":false},{"PrincipalSID":"S-1-5-21-4126913916-3287246507-2123901885-519","PrincipalType":"Group","RightName":"GenericWrite","IsInherited":false}],"ObjectIdentifier":"1E006AC2-8096-4241-9E3D-E2DC8C1C8497","IsDeleted":false,"IsACLProtected":true,"Properties":{"domain":"STD101.FORESTALL.LABS","name":"SIGNALS DIAGNOSTICS POLICY OFFICE CONTROL@STD101.FORESTALL.LABS","distinguishedname":"CN={DE5BC887-A4AE-493F-ACF4-3D8B59FDF46D},CN=POLICIES,CN=SYSTEM,DC=STD101,DC=FORESTALL,DC=LABS","domainsid":"S-1-5-21-4126913916-3287246507-2123901885","highvalue":false,"description":null,"whencreated":1656257748,"gpcpath":"\\\\STD101.FORESTALL.LABS\\SYSVOL\\STD101.FORESTALL.LABS\\POLICIES\\{DE5BC887-A4AE-493F-ACF4-3D8B59FDF46D}"}},{"Aces":[{"PrincipalSID":"S-1-5-21-4126913916-3287246507-2123901885-512","PrincipalType":"Group","RightName":"Owns","IsInherited":false},{"PrincipalSID":"S-1-5-21-4126913916-3287246507-2123901885-512","PrincipalType":"Group","RightName":"WriteDacl","IsInherited":false},{"PrincipalSID":"S-1-5-21-4126913916-3287246507-2123901885-512","PrincipalType":"Group","RightName":"WriteOwner","IsInherited":false},{"PrincipalSID":"S-1-5-21-4126913916-3287246507-2123901885-512","PrincipalType":"Group","RightName":"GenericWrite","IsInherited":false},{"PrincipalSID":"S-1-5-21-4126913916-3287246507-2123901885-519","PrincipalType":"Group","RightName":"WriteDacl","IsInherited":false},{"PrincipalSID":"S-1-5-21-4126913916-3287246507-2123901885-519","PrincipalType":"Group","RightName":"WriteOwner","IsInherited":false},{"PrincipalSID":"S-1-5-21-4126913916-3287246507-2123901885-519","PrincipalType":"Group","RightName":"GenericWrite","IsInherited":false}],"ObjectIdentifier":"ABEC50E3-68DE-43A9-9E80-153628D17D79","IsDeleted":false,"IsACLProtected":true,"Properties":{"domain":"STD101.FORESTALL.LABS","name":"PERSONNEL OPERATIONS DIAGNOSTICS ACCOUNTING THIRD@STD101.FORESTALL.LABS","distinguishedname":"CN={0ECF55FF-2EED-42C7-AE71-FF43A8DA81EC},CN=POLICIES,CN=SYSTEM,DC=STD101,DC=FORESTALL,DC=LABS","domainsid":"S-1-5-21-4126913916-3287246507-2123901885","highvalue":false,"description":null,"whencreated":1656257748,"gpcpath":"\\\\STD101.FORESTALL.LABS\\SYSVOL\\STD101.FORESTALL.LABS\\POLICIES\\{0ECF55FF-2EED-42C7-AE71-FF43A8DA81EC}"}},{"Aces":[{"PrincipalSID":"S-1-5-21-4126913916-3287246507-2123901885-512","PrincipalType":"Group","RightName":"Owns","IsInherited":false},{"PrincipalSID":"S-1-5-21-4126913916-3287246507-2123901885-512","PrincipalType":"Group","RightName":"WriteDacl","IsInherited":false},{"PrincipalSID":"S-1-5-21-4126913916-3287246507-2123901885-512","PrincipalType":"Group","RightName":"WriteOwner","IsInherited":false},{"PrincipalSID":"S-1-5-21-4126913916-3287246507-2123901885-512","PrincipalType":"Group","RightName":"GenericWrite","IsInherited":false},{"PrincipalSID":"S-1-5-21-4126913916-3287246507-2123901885-519","PrincipalType":"Group","RightName":"WriteDacl","IsInherited":false},{"PrincipalSID":"S-1-5-21-4126913916-3287246507-2123901885-519","PrincipalType":"Group","RightName":"WriteOwner","IsInherited":false},{"PrincipalSID":"S-1-5-21-4126913916-3287246507-2123901885-519","PrincipalType":"Group","RightName":"GenericWrite","IsInherited":false}],"ObjectIdentifier":"E1634F84-53AE-4462-8DA8-EA55A502A9D5","IsDeleted":false,"IsACLProtected":true,"Properties":{"domain":"STD101.FORESTALL.LABS","name":"DENY DIAGNOSTICS THIRD SECURITY@STD101.FORESTALL.LABS","distinguishedname":"CN={547A35F0-DFA4-451D-9116-6417B974575E},CN=POLICIES,CN=SYSTEM,DC=STD101,DC=FORESTALL,DC=LABS","domainsid":"S-1-5-21-4126913916-3287246507-2123901885","highvalue":false,"description":null,"whencreated":1656257747,"gpcpath":"\\\\STD101.FORESTALL.LABS\\SYSVOL\\STD101.FORESTALL.LABS\\POLICIES\\{547A35F0-DFA4-451D-9116-6417B974575E}"}},{"Aces":[{"PrincipalSID":"S-1-5-21-4126913916-3287246507-2123901885-512","PrincipalType":"Group","RightName":"Owns","IsInherited":false},{"PrincipalSID":"S-1-5-21-4126913916-3287246507-2123901885-512","PrincipalType":"Group","RightName":"WriteDacl","IsInherited":false},{"PrincipalSID":"S-1-5-21-4126913916-3287246507-2123901885-512","PrincipalType":"Group","RightName":"WriteOwner","IsInherited":false},{"PrincipalSID":"S-1-5-21-4126913916-3287246507-2123901885-512","PrincipalType":"Group","RightName":"GenericWrite","IsInherited":false},{"PrincipalSID":"S-1-5-21-4126913916-3287246507-2123901885-519","PrincipalType":"Group","RightName":"WriteDacl","IsInherited":false},{"PrincipalSID":"S-1-5-21-4126913916-3287246507-2123901885-519","PrincipalType":"Group","RightName":"WriteOwner","IsInherited":false},{"PrincipalSID":"S-1-5-21-4126913916-3287246507-2123901885-519","PrincipalType":"Group","RightName":"GenericWrite","IsInherited":false}],"ObjectIdentifier":"715B9F86-1364-421C-AA4B-AEE4A47764EC","IsDeleted":false,"IsACLProtected":true,"Properties":{"domain":"STD101.FORESTALL.LABS","name":"DIAGNOSTICS POLICY PERSONNEL DEBUGGING DEFAULT@STD101.FORESTALL.LABS","distinguishedname":"CN={B4035EF6-EBB7-4E48-9C24-FA49108346AE},CN=POLICIES,CN=SYSTEM,DC=STD101,DC=FORESTALL,DC=LABS","domainsid":"S-1-5-21-4126913916-3287246507-2123901885","highvalue":false,"description":null,"whencreated":1656257747,"gpcpath":"\\\\STD101.FORESTALL.LABS\\SYSVOL\\STD101.FORESTALL.LABS\\POLICIES\\{B4035EF6-EBB7-4E48-9C24-FA49108346AE}"}},{"Aces":[{"PrincipalSID":"S-1-5-21-4126913916-3287246507-2123901885-512","PrincipalType":"Group","RightName":"Owns","IsInherited":false},{"PrincipalSID":"S-1-5-21-4126913916-3287246507-2123901885-512","PrincipalType":"Group","RightName":"WriteDacl","IsInherited":false},{"PrincipalSID":"S-1-5-21-4126913916-3287246507-2123901885-512","PrincipalType":"Group","RightName":"WriteOwner","IsInherited":false},{"PrincipalSID":"S-1-5-21-4126913916-3287246507-2123901885-512","PrincipalType":"Group","RightName":"GenericWrite","IsInherited":false},{"PrincipalSID":"S-1-5-21-4126913916-3287246507-2123901885-519","PrincipalType":"Group","RightName":"WriteDacl","IsInherited":false},{"PrincipalSID":"S-1-5-21-4126913916-3287246507-2123901885-519","PrincipalType":"Group","RightName":"WriteOwner","IsInherited":false},{"PrincipalSID":"S-1-5-21-4126913916-3287246507-2123901885-519","PrincipalType":"Group","RightName":"GenericWrite","IsInherited":false}],"ObjectIdentifier":"D0225426-C700-42C1-836F-37DE5517E4B6","IsDeleted":false,"IsACLProtected":true,"Properties":{"domain":"STD101.FORESTALL.LABS","name":"ACCOUNTING IT OPERATIONS SECURITY@STD101.FORESTALL.LABS","distinguishedname":"CN={2EACF1DA-6891-429C-BA55-EA3029B86F91},CN=POLICIES,CN=SYSTEM,DC=STD101,DC=FORESTALL,DC=LABS","domainsid":"S-1-5-21-4126913916-3287246507-2123901885","highvalue":false,"description":null,"whencreated":1656257747,"gpcpath":"\\\\STD101.FORESTALL.LABS\\SYSVOL\\STD101.FORESTALL.LABS\\POLICIES\\{2EACF1DA-6891-429C-BA55-EA3029B86F91}"}},{"Aces":[{"PrincipalSID":"S-1-5-21-4126913916-3287246507-2123901885-512","PrincipalType":"Group","RightName":"Owns","IsInherited":false},{"PrincipalSID":"S-1-5-21-4126913916-3287246507-2123901885-512","PrincipalType":"Group","RightName":"WriteDacl","IsInherited":false},{"PrincipalSID":"S-1-5-21-4126913916-3287246507-2123901885-512","PrincipalType":"Group","RightName":"WriteOwner","IsInherited":false},{"PrincipalSID":"S-1-5-21-4126913916-3287246507-2123901885-512","PrincipalType":"Group","RightName":"GenericWrite","IsInherited":false},{"PrincipalSID":"S-1-5-21-4126913916-3287246507-2123901885-519","PrincipalType":"Group","RightName":"WriteDacl","IsInherited":false},{"PrincipalSID":"S-1-5-21-4126913916-3287246507-2123901885-519","PrincipalType":"Group","RightName":"WriteOwner","IsInherited":false},{"PrincipalSID":"S-1-5-21-4126913916-3287246507-2123901885-519","PrincipalType":"Group","RightName":"GenericWrite","IsInherited":false}],"ObjectIdentifier":"A25FAC3B-051F-4DBE-A944-0243A9469B89","IsDeleted":false,"IsACLProtected":true,"Properties":{"domain":"STD101.FORESTALL.LABS","name":"DEFAULT SIGNALS ACCOUNTING SECONDARY ALLOW@STD101.FORESTALL.LABS","distinguishedname":"CN={72FAA081-813A-49F6-8E0D-7C9D569F3F85},CN=POLICIES,CN=SYSTEM,DC=STD101,DC=FORESTALL,DC=LABS","domainsid":"S-1-5-21-4126913916-3287246507-2123901885","highvalue":false,"description":null,"whencreated":1656257746,"gpcpath":"\\\\STD101.FORESTALL.LABS\\SYSVOL\\STD101.FORESTALL.LABS\\POLICIES\\{72FAA081-813A-49F6-8E0D-7C9D569F3F85}"}},{"Aces":[{"PrincipalSID":"S-1-5-21-4126913916-3287246507-2123901885-512","PrincipalType":"Group","RightName":"Owns","IsInherited":false},{"PrincipalSID":"S-1-5-21-4126913916-3287246507-2123901885-512","PrincipalType":"Group","RightName":"WriteDacl","IsInherited":false},{"PrincipalSID":"S-1-5-21-4126913916-3287246507-2123901885-512","PrincipalType":"Group","RightName":"WriteOwner","IsInherited":false},{"PrincipalSID":"S-1-5-21-4126913916-3287246507-2123901885-512","PrincipalType":"Group","RightName":"GenericWrite","IsInherited":false},{"PrincipalSID":"S-1-5-21-4126913916-3287246507-2123901885-519","PrincipalType":"Group","RightName":"WriteDacl","IsInherited":false},{"PrincipalSID":"S-1-5-21-4126913916-3287246507-2123901885-519","PrincipalType":"Group","RightName":"WriteOwner","IsInherited":false},{"PrincipalSID":"S-1-5-21-4126913916-3287246507-2123901885-519","PrincipalType":"Group","RightName":"GenericWrite","IsInherited":false}],"ObjectIdentifier":"1C86B6C1-5C26-4C2F-9706-841A9EE819C2","IsDeleted":false,"IsACLProtected":true,"Properties":{"domain":"STD101.FORESTALL.LABS","name":"OFFICE SIGNALS DENY DEBUGGING@STD101.FORESTALL.LABS","distinguishedname":"CN={CA603A7E-7BE3-48AD-8C4C-820172388A6B},CN=POLICIES,CN=SYSTEM,DC=STD101,DC=FORESTALL,DC=LABS","domainsid":"S-1-5-21-4126913916-3287246507-2123901885","highvalue":false,"description":null,"whencreated":1656257746,"gpcpath":"\\\\STD101.FORESTALL.LABS\\SYSVOL\\STD101.FORESTALL.LABS\\POLICIES\\{CA603A7E-7BE3-48AD-8C4C-820172388A6B}"}},{"Aces":[{"PrincipalSID":"S-1-5-21-4126913916-3287246507-2123901885-512","PrincipalType":"Group","RightName":"Owns","IsInherited":false},{"PrincipalSID":"S-1-5-21-4126913916-3287246507-2123901885-512","PrincipalType":"Group","RightName":"WriteDacl","IsInherited":false},{"PrincipalSID":"S-1-5-21-4126913916-3287246507-2123901885-512","PrincipalType":"Group","RightName":"WriteOwner","IsInherited":false},{"PrincipalSID":"S-1-5-21-4126913916-3287246507-2123901885-512","PrincipalType":"Group","RightName":"GenericWrite","IsInherited":false},{"PrincipalSID":"S-1-5-21-4126913916-3287246507-2123901885-519","PrincipalType":"Group","RightName":"WriteDacl","IsInherited":false},{"PrincipalSID":"S-1-5-21-4126913916-3287246507-2123901885-519","PrincipalType":"Group","RightName":"WriteOwner","IsInherited":false},{"PrincipalSID":"S-1-5-21-4126913916-3287246507-2123901885-519","PrincipalType":"Group","RightName":"GenericWrite","IsInherited":false}],"ObjectIdentifier":"D18D8F4C-EA58-48C1-828E-5DAFAA19DFB7","IsDeleted":false,"IsACLProtected":true,"Properties":{"domain":"STD101.FORESTALL.LABS","name":"DISABLE SECURITY FEATURES@STD101.FORESTALL.LABS","distinguishedname":"CN={899A79ED-4D66-4F90-9EF4-1B135760829A},CN=POLICIES,CN=SYSTEM,DC=STD101,DC=FORESTALL,DC=LABS","domainsid":"S-1-5-21-4126913916-3287246507-2123901885","highvalue":false,"description":null,"whencreated":1656257710,"gpcpath":"\\\\STD101.FORESTALL.LABS\\SYSVOL\\STD101.FORESTALL.LABS\\POLICIES\\{899A79ED-4D66-4F90-9EF4-1B135760829A}"}},{"Aces":[{"PrincipalSID":"S-1-5-21-3667276930-535864967-1787924972-512","PrincipalType":"Group","RightName":"Owns","IsInherited":false},{"PrincipalSID":"S-1-5-21-3667276930-535864967-1787924972-512","PrincipalType":"Group","RightName":"WriteDacl","IsInherited":false},{"PrincipalSID":"S-1-5-21-3667276930-535864967-1787924972-512","PrincipalType":"Group","RightName":"WriteOwner","IsInherited":false},{"PrincipalSID":"S-1-5-21-3667276930-535864967-1787924972-512","PrincipalType":"Group","RightName":"GenericWrite","IsInherited":false},{"PrincipalSID":"S-1-5-21-3667276930-535864967-1787924972-512","PrincipalType":"Group","RightName":"WriteDacl","IsInherited":false},{"PrincipalSID":"S-1-5-21-3667276930-535864967-1787924972-512","PrincipalType":"Group","RightName":"WriteOwner","IsInherited":false},{"PrincipalSID":"S-1-5-21-3667276930-535864967-1787924972-512","PrincipalType":"Group","RightName":"GenericWrite","IsInherited":false},{"PrincipalSID":"S-1-5-21-4126913916-3287246507-2123901885-519","PrincipalType":"Group","RightName":"WriteDacl","IsInherited":false},{"PrincipalSID":"S-1-5-21-4126913916-3287246507-2123901885-519","PrincipalType":"Group","RightName":"WriteOwner","IsInherited":false},{"PrincipalSID":"S-1-5-21-4126913916-3287246507-2123901885-519","PrincipalType":"Group","RightName":"GenericWrite","IsInherited":false}],"ObjectIdentifier":"207749C9-24AC-4294-97CD-30988565D980","IsDeleted":false,"IsACLProtected":true,"Properties":{"domain":"RD.STD101.FORESTALL.LABS","name":"DEFAULT DOMAIN POLICY@RD.STD101.FORESTALL.LABS","distinguishedname":"CN={31B2F340-016D-11D2-945F-00C04FB984F9},CN=POLICIES,CN=SYSTEM,DC=RD,DC=STD101,DC=FORESTALL,DC=LABS","domainsid":"S-1-5-21-3667276930-535864967-1787924972","highvalue":false,"description":null,"whencreated":1656258033,"gpcpath":"\\\\RD.STD101.FORESTALL.LABS\\SYSVOL\\RD.STD101.FORESTALL.LABS\\POLICIES\\{31B2F340-016D-11D2-945F-00C04FB984F9}"}},{"Aces":[{"PrincipalSID":"S-1-5-21-3667276930-535864967-1787924972-512","PrincipalType":"Group","RightName":"Owns","IsInherited":false},{"PrincipalSID":"S-1-5-21-3667276930-535864967-1787924972-512","PrincipalType":"Group","RightName":"WriteDacl","IsInherited":false},{"PrincipalSID":"S-1-5-21-3667276930-535864967-1787924972-512","PrincipalType":"Group","RightName":"WriteOwner","IsInherited":false},{"PrincipalSID":"S-1-5-21-3667276930-535864967-1787924972-512","PrincipalType":"Group","RightName":"GenericWrite","IsInherited":false},{"PrincipalSID":"S-1-5-21-3667276930-535864967-1787924972-512","PrincipalType":"Group","RightName":"WriteDacl","IsInherited":false},{"PrincipalSID":"S-1-5-21-3667276930-535864967-1787924972-512","PrincipalType":"Group","RightName":"WriteOwner","IsInherited":false},{"PrincipalSID":"S-1-5-21-3667276930-535864967-1787924972-512","PrincipalType":"Group","RightName":"GenericWrite","IsInherited":false},{"PrincipalSID":"S-1-5-21-4126913916-3287246507-2123901885-519","PrincipalType":"Group","RightName":"WriteDacl","IsInherited":false},{"PrincipalSID":"S-1-5-21-4126913916-3287246507-2123901885-519","PrincipalType":"Group","RightName":"WriteOwner","IsInherited":false},{"PrincipalSID":"S-1-5-21-4126913916-3287246507-2123901885-519","PrincipalType":"Group","RightName":"GenericWrite","IsInherited":false}],"ObjectIdentifier":"662900BA-5788-4C56-945E-624D81AC6340","IsDeleted":false,"IsACLProtected":true,"Properties":{"domain":"RD.STD101.FORESTALL.LABS","name":"DEFAULT DOMAIN CONTROLLERS POLICY@RD.STD101.FORESTALL.LABS","distinguishedname":"CN={6AC1786C-016F-11D2-945F-00C04FB984F9},CN=POLICIES,CN=SYSTEM,DC=RD,DC=STD101,DC=FORESTALL,DC=LABS","domainsid":"S-1-5-21-3667276930-535864967-1787924972","highvalue":false,"description":null,"whencreated":1656258033,"gpcpath":"\\\\RD.STD101.FORESTALL.LABS\\SYSVOL\\RD.STD101.FORESTALL.LABS\\POLICIES\\{6AC1786C-016F-11D2-945F-00C04FB984F9}"}}],"meta":{"methods":29695,"type":"gpos","count":21,"version":4}}