﻿{"data":[{"Links":[],"ChildObjects":[{"ObjectIdentifier":"S-1-5-21-4126913916-3287246507-2123901885-1153","ObjectType":"User"},{"ObjectIdentifier":"S-1-5-21-4126913916-3287246507-2123901885-1178","ObjectType":"User"},{"ObjectIdentifier":"S-1-5-21-4126913916-3287246507-2123901885-1113","ObjectType":"Group"}],"Aces":[{"PrincipalSID":"S-1-5-21-4126913916-3287246507-2123901885-512","PrincipalType":"Group","RightName":"Owns","IsInherited":false},{"PrincipalSID":"S-1-5-21-4126913916-3287246507-2123901885-512","PrincipalType":"Group","RightName":"GenericAll","IsInherited":false},{"PrincipalSID":"S-1-5-21-4126913916-3287246507-2123901885-519","PrincipalType":"Group","RightName":"GenericAll","IsInherited":true},{"PrincipalSID":"STD101.FORESTALL.LABS-S-1-5-32-544","PrincipalType":"Group","RightName":"WriteDacl","IsInherited":true},{"PrincipalSID":"STD101.FORESTALL.LABS-S-1-5-32-544","PrincipalType":"Group","RightName":"WriteOwner","IsInherited":true}],"ObjectIdentifier":"6718EC22-E6EB-4A46-8E02-3ED9DF67B28F","IsDeleted":false,"IsACLProtected":false,"GPOChanges":{"LocalAdmins":[],"RemoteDesktopUsers":[],"DcomUsers":[],"PSRemoteUsers":[],"AffectedComputers":[]},"Properties":{"domain":"STD101.FORESTALL.LABS","name":"TESTING@STD101.FORESTALL.LABS","distinguishedname":"OU=TESTING,DC=STD101,DC=FORESTALL,DC=LABS","domainsid":"S-1-5-21-4126913916-3287246507-2123901885","highvalue":false,"description":null,"whencreated":1656257735,"blocksinheritance":false}},{"Links":[],"ChildObjects":[{"ObjectIdentifier":"S-1-5-21-4126913916-3287246507-2123901885-1169","ObjectType":"User"},{"ObjectIdentifier":"S-1-5-21-4126913916-3287246507-2123901885-1180","ObjectType":"User"},{"ObjectIdentifier":"S-1-5-21-4126913916-3287246507-2123901885-1130","ObjectType":"User"},{"ObjectIdentifier":"S-1-5-21-4126913916-3287246507-2123901885-1142","ObjectType":"User"},{"ObjectIdentifier":"S-1-5-21-4126913916-3287246507-2123901885-1118","ObjectType":"Group"},{"ObjectIdentifier":"S-1-5-21-4126913916-3287246507-2123901885-1143","ObjectType":"User"},{"ObjectIdentifier":"S-1-5-21-4126913916-3287246507-2123901885-1181","ObjectType":"User"}],"Aces":[{"PrincipalSID":"S-1-5-21-4126913916-3287246507-2123901885-512","PrincipalType":"Group","RightName":"Owns","IsInherited":false},{"PrincipalSID":"S-1-5-21-4126913916-3287246507-2123901885-512","PrincipalType":"Group","RightName":"GenericAll","IsInherited":false},{"PrincipalSID":"S-1-5-21-4126913916-3287246507-2123901885-519","PrincipalType":"Group","RightName":"GenericAll","IsInherited":true},{"PrincipalSID":"STD101.FORESTALL.LABS-S-1-5-32-544","PrincipalType":"Group","RightName":"WriteDacl","IsInherited":true},{"PrincipalSID":"STD101.FORESTALL.LABS-S-1-5-32-544","PrincipalType":"Group","RightName":"WriteOwner","IsInherited":true}],"ObjectIdentifier":"659F609D-5828-4FCB-91CB-E7A76762922E","IsDeleted":false,"IsACLProtected":false,"GPOChanges":{"LocalAdmins":[],"RemoteDesktopUsers":[],"DcomUsers":[],"PSRemoteUsers":[],"AffectedComputers":[]},"Properties":{"domain":"STD101.FORESTALL.LABS","name":"IT@STD101.FORESTALL.LABS","distinguishedname":"OU=IT,DC=STD101,DC=FORESTALL,DC=LABS","domainsid":"S-1-5-21-4126913916-3287246507-2123901885","highvalue":false,"description":null,"whencreated":1656257736,"blocksinheritance":false}},{"Links":[],"ChildObjects":[{"ObjectIdentifier":"S-1-5-21-4126913916-3287246507-2123901885-1168","ObjectType":"User"},{"ObjectIdentifier":"S-1-5-21-4126913916-3287246507-2123901885-1126","ObjectType":"Group"}],"Aces":[{"PrincipalSID":"S-1-5-21-4126913916-3287246507-2123901885-512","PrincipalType":"Group","RightName":"Owns","IsInherited":false},{"PrincipalSID":"S-1-5-21-4126913916-3287246507-2123901885-512","PrincipalType":"Group","RightName":"GenericAll","IsInherited":false},{"PrincipalSID":"S-1-5-21-4126913916-3287246507-2123901885-519","PrincipalType":"Group","RightName":"GenericAll","IsInherited":true},{"PrincipalSID":"STD101.FORESTALL.LABS-S-1-5-32-544","PrincipalType":"Group","RightName":"WriteDacl","IsInherited":true},{"PrincipalSID":"STD101.FORESTALL.LABS-S-1-5-32-544","PrincipalType":"Group","RightName":"WriteOwner","IsInherited":true}],"ObjectIdentifier":"0A10BA9A-3B27-40C3-B14F-BC4782877175","IsDeleted":false,"IsACLProtected":false,"GPOChanges":{"LocalAdmins":[],"RemoteDesktopUsers":[],"DcomUsers":[],"PSRemoteUsers":[],"AffectedComputers":[]},"Properties":{"domain":"STD101.FORESTALL.LABS","name":"DUCKS@STD101.FORESTALL.LABS","distinguishedname":"OU=DUCKS,DC=STD101,DC=FORESTALL,DC=LABS","domainsid":"S-1-5-21-4126913916-3287246507-2123901885","highvalue":false,"description":null,"whencreated":1656257736,"blocksinheritance":false}},{"Links":[],"ChildObjects":[{"ObjectIdentifier":"S-1-5-21-4126913916-3287246507-2123901885-1159","ObjectType":"User"},{"ObjectIdentifier":"S-1-5-21-4126913916-3287246507-2123901885-1122","ObjectType":"Group"},{"ObjectIdentifier":"S-1-5-21-4126913916-3287246507-2123901885-1164","ObjectType":"User"},{"ObjectIdentifier":"S-1-5-21-4126913916-3287246507-2123901885-1131","ObjectType":"User"},{"ObjectIdentifier":"S-1-5-21-4126913916-3287246507-2123901885-1149","ObjectType":"User"}],"Aces":[{"PrincipalSID":"S-1-5-21-4126913916-3287246507-2123901885-512","PrincipalType":"Group","RightName":"Owns","IsInherited":false},{"PrincipalSID":"S-1-5-21-4126913916-3287246507-2123901885-512","PrincipalType":"Group","RightName":"GenericAll","IsInherited":false},{"PrincipalSID":"S-1-5-21-4126913916-3287246507-2123901885-519","PrincipalType":"Group","RightName":"GenericAll","IsInherited":true},{"PrincipalSID":"STD101.FORESTALL.LABS-S-1-5-32-544","PrincipalType":"Group","RightName":"WriteDacl","IsInherited":true},{"PrincipalSID":"STD101.FORESTALL.LABS-S-1-5-32-544","PrincipalType":"Group","RightName":"WriteOwner","IsInherited":true}],"ObjectIdentifier":"3084D09C-354E-4405-B6AE-BBDCB15B5A5C","IsDeleted":false,"IsACLProtected":false,"GPOChanges":{"LocalAdmins":[],"RemoteDesktopUsers":[],"DcomUsers":[],"PSRemoteUsers":[],"AffectedComputers":[]},"Properties":{"domain":"STD101.FORESTALL.LABS","name":"BLUE@STD101.FORESTALL.LABS","distinguishedname":"OU=BLUE,DC=STD101,DC=FORESTALL,DC=LABS","domainsid":"S-1-5-21-4126913916-3287246507-2123901885","highvalue":false,"description":null,"whencreated":1656257736,"blocksinheritance":false}},{"Links":[{"IsEnforced":false,"GUID":"6B6A8D97-2DF1-45F6-BF81-764B1E01FF87"}],"ChildObjects":[{"ObjectIdentifier":"S-1-5-21-4126913916-3287246507-2123901885-1009","ObjectType":"Computer"}],"Aces":[{"PrincipalSID":"S-1-5-21-4126913916-3287246507-2123901885-512","PrincipalType":"Group","RightName":"Owns","IsInherited":false},{"PrincipalSID":"S-1-5-21-4126913916-3287246507-2123901885-512","PrincipalType":"Group","RightName":"WriteDacl","IsInherited":false},{"PrincipalSID":"S-1-5-21-4126913916-3287246507-2123901885-512","PrincipalType":"Group","RightName":"WriteOwner","IsInherited":false},{"PrincipalSID":"S-1-5-21-4126913916-3287246507-2123901885-519","PrincipalType":"Group","RightName":"GenericAll","IsInherited":true},{"PrincipalSID":"STD101.FORESTALL.LABS-S-1-5-32-544","PrincipalType":"Group","RightName":"WriteDacl","IsInherited":true},{"PrincipalSID":"STD101.FORESTALL.LABS-S-1-5-32-544","PrincipalType":"Group","RightName":"WriteOwner","IsInherited":true}],"ObjectIdentifier":"9E60AE82-170B-479A-A793-F990FE9DB969","IsDeleted":false,"IsACLProtected":false,"GPOChanges":{"LocalAdmins":[],"RemoteDesktopUsers":[],"DcomUsers":[],"PSRemoteUsers":[],"AffectedComputers":[]},"Properties":{"domain":"STD101.FORESTALL.LABS","name":"DOMAIN CONTROLLERS@STD101.FORESTALL.LABS","distinguishedname":"OU=DOMAIN CONTROLLERS,DC=STD101,DC=FORESTALL,DC=LABS","domainsid":"S-1-5-21-4126913916-3287246507-2123901885","highvalue":false,"description":"Default container for domain controllers","whencreated":1656257047,"blocksinheritance":false}},{"Links":[{"IsEnforced":false,"GUID":"ABEC50E3-68DE-43A9-9E80-153628D17D79"}],"ChildObjects":[{"ObjectIdentifier":"S-1-5-21-4126913916-3287246507-2123901885-1129","ObjectType":"User"},{"ObjectIdentifier":"S-1-5-21-4126913916-3287246507-2123901885-1163","ObjectType":"User"},{"ObjectIdentifier":"S-1-5-21-4126913916-3287246507-2123901885-1162","ObjectType":"User"},{"ObjectIdentifier":"S-1-5-21-4126913916-3287246507-2123901885-1124","ObjectType":"Group"},{"ObjectIdentifier":"S-1-5-21-4126913916-3287246507-2123901885-1160","ObjectType":"User"},{"ObjectIdentifier":"S-1-5-21-4126913916-3287246507-2123901885-1141","ObjectType":"User"}],"Aces":[{"PrincipalSID":"S-1-5-21-4126913916-3287246507-2123901885-512","PrincipalType":"Group","RightName":"Owns","IsInherited":false},{"PrincipalSID":"S-1-5-21-4126913916-3287246507-2123901885-512","PrincipalType":"Group","RightName":"GenericAll","IsInherited":false},{"PrincipalSID":"S-1-5-21-4126913916-3287246507-2123901885-519","PrincipalType":"Group","RightName":"GenericAll","IsInherited":true},{"PrincipalSID":"STD101.FORESTALL.LABS-S-1-5-32-544","PrincipalType":"Group","RightName":"WriteDacl","IsInherited":true},{"PrincipalSID":"STD101.FORESTALL.LABS-S-1-5-32-544","PrincipalType":"Group","RightName":"WriteOwner","IsInherited":true}],"ObjectIdentifier":"1CC46539-9237-4235-A564-D3E83E9E700E","IsDeleted":false,"IsACLProtected":false,"GPOChanges":{"LocalAdmins":[],"RemoteDesktopUsers":[],"DcomUsers":[],"PSRemoteUsers":[],"AffectedComputers":[]},"Properties":{"domain":"STD101.FORESTALL.LABS","name":"BUNNIES@STD101.FORESTALL.LABS","distinguishedname":"OU=BUNNIES,DC=STD101,DC=FORESTALL,DC=LABS","domainsid":"S-1-5-21-4126913916-3287246507-2123901885","highvalue":false,"description":null,"whencreated":1656257736,"blocksinheritance":false}},{"Links":[{"IsEnforced":false,"GUID":"5131775E-7619-450D-B364-C6698C59E6B6"}],"ChildObjects":[{"ObjectIdentifier":"S-1-5-21-4126913916-3287246507-2123901885-1116","ObjectType":"Group"},{"ObjectIdentifier":"S-1-5-21-4126913916-3287246507-2123901885-1176","ObjectType":"User"}],"Aces":[{"PrincipalSID":"S-1-5-21-4126913916-3287246507-2123901885-512","PrincipalType":"Group","RightName":"Owns","IsInherited":false},{"PrincipalSID":"S-1-5-21-4126913916-3287246507-2123901885-512","PrincipalType":"Group","RightName":"GenericAll","IsInherited":false},{"PrincipalSID":"S-1-5-21-4126913916-3287246507-2123901885-519","PrincipalType":"Group","RightName":"GenericAll","IsInherited":true},{"PrincipalSID":"STD101.FORESTALL.LABS-S-1-5-32-544","PrincipalType":"Group","RightName":"WriteDacl","IsInherited":true},{"PrincipalSID":"STD101.FORESTALL.LABS-S-1-5-32-544","PrincipalType":"Group","RightName":"WriteOwner","IsInherited":true}],"ObjectIdentifier":"C1D39802-41E3-44E4-BF9E-D353780EEC4A","IsDeleted":false,"IsACLProtected":false,"GPOChanges":{"LocalAdmins":[],"RemoteDesktopUsers":[],"DcomUsers":[],"PSRemoteUsers":[],"AffectedComputers":[]},"Properties":{"domain":"STD101.FORESTALL.LABS","name":"CONTRACTORS@STD101.FORESTALL.LABS","distinguishedname":"OU=CONTRACTORS,DC=STD101,DC=FORESTALL,DC=LABS","domainsid":"S-1-5-21-4126913916-3287246507-2123901885","highvalue":false,"description":null,"whencreated":1656257736,"blocksinheritance":false}},{"Links":[{"IsEnforced":false,"GUID":"7A1574FC-6F31-4DC5-81A2-EE3FD1DAAA3D"}],"ChildObjects":[{"ObjectIdentifier":"S-1-5-21-4126913916-3287246507-2123901885-1119","ObjectType":"Group"},{"ObjectIdentifier":"S-1-5-21-4126913916-3287246507-2123901885-1133","ObjectType":"User"},{"ObjectIdentifier":"S-1-5-21-4126913916-3287246507-2123901885-1175","ObjectType":"User"},{"ObjectIdentifier":"S-1-5-21-4126913916-3287246507-2123901885-1146","ObjectType":"User"},{"ObjectIdentifier":"S-1-5-21-4126913916-3287246507-2123901885-1152","ObjectType":"User"}],"Aces":[{"PrincipalSID":"S-1-5-21-4126913916-3287246507-2123901885-512","PrincipalType":"Group","RightName":"Owns","IsInherited":false},{"PrincipalSID":"S-1-5-21-4126913916-3287246507-2123901885-512","PrincipalType":"Group","RightName":"GenericAll","IsInherited":false},{"PrincipalSID":"S-1-5-21-4126913916-3287246507-2123901885-519","PrincipalType":"Group","RightName":"GenericAll","IsInherited":true},{"PrincipalSID":"STD101.FORESTALL.LABS-S-1-5-32-544","PrincipalType":"Group","RightName":"WriteDacl","IsInherited":true},{"PrincipalSID":"STD101.FORESTALL.LABS-S-1-5-32-544","PrincipalType":"Group","RightName":"WriteOwner","IsInherited":true}],"ObjectIdentifier":"F4DCBC63-B078-4460-A904-6DCF083EDD36","IsDeleted":false,"IsACLProtected":false,"GPOChanges":{"LocalAdmins":[],"RemoteDesktopUsers":[],"DcomUsers":[],"PSRemoteUsers":[],"AffectedComputers":[]},"Properties":{"domain":"STD101.FORESTALL.LABS","name":"ACCOUNTING@STD101.FORESTALL.LABS","distinguishedname":"OU=ACCOUNTING,DC=STD101,DC=FORESTALL,DC=LABS","domainsid":"S-1-5-21-4126913916-3287246507-2123901885","highvalue":false,"description":null,"whencreated":1656257736,"blocksinheritance":false}},{"Links":[{"IsEnforced":false,"GUID":"D0225426-C700-42C1-836F-37DE5517E4B6"}],"ChildObjects":[{"ObjectIdentifier":"S-1-5-21-4126913916-3287246507-2123901885-1161","ObjectType":"User"},{"ObjectIdentifier":"S-1-5-21-4126913916-3287246507-2123901885-1125","ObjectType":"Group"}],"Aces":[{"PrincipalSID":"S-1-5-21-4126913916-3287246507-2123901885-512","PrincipalType":"Group","RightName":"Owns","IsInherited":false},{"PrincipalSID":"S-1-5-21-4126913916-3287246507-2123901885-512","PrincipalType":"Group","RightName":"GenericAll","IsInherited":false},{"PrincipalSID":"S-1-5-21-4126913916-3287246507-2123901885-519","PrincipalType":"Group","RightName":"GenericAll","IsInherited":true},{"PrincipalSID":"STD101.FORESTALL.LABS-S-1-5-32-544","PrincipalType":"Group","RightName":"WriteDacl","IsInherited":true},{"PrincipalSID":"STD101.FORESTALL.LABS-S-1-5-32-544","PrincipalType":"Group","RightName":"WriteOwner","IsInherited":true}],"ObjectIdentifier":"71C16B29-6D04-43B8-BA2B-C5B8F89F6A64","IsDeleted":false,"IsACLProtected":false,"GPOChanges":{"LocalAdmins":[],"RemoteDesktopUsers":[],"DcomUsers":[],"PSRemoteUsers":[],"AffectedComputers":[]},"Properties":{"domain":"STD101.FORESTALL.LABS","name":"RABBITS@STD101.FORESTALL.LABS","distinguishedname":"OU=RABBITS,DC=STD101,DC=FORESTALL,DC=LABS","domainsid":"S-1-5-21-4126913916-3287246507-2123901885","highvalue":false,"description":null,"whencreated":1656257736,"blocksinheritance":false}},{"Links":[{"IsEnforced":false,"GUID":"12745FB4-66CD-4161-8165-790322793EFE"}],"ChildObjects":[{"ObjectIdentifier":"S-1-5-21-4126913916-3287246507-2123901885-1154","ObjectType":"User"},{"ObjectIdentifier":"S-1-5-21-4126913916-3287246507-2123901885-1128","ObjectType":"User"},{"ObjectIdentifier":"S-1-5-21-4126913916-3287246507-2123901885-1137","ObjectType":"User"},{"ObjectIdentifier":"S-1-5-21-4126913916-3287246507-2123901885-1157","ObjectType":"User"},{"ObjectIdentifier":"S-1-5-21-4126913916-3287246507-2123901885-1138","ObjectType":"User"},{"ObjectIdentifier":"S-1-5-21-4126913916-3287246507-2123901885-1117","ObjectType":"Group"},{"ObjectIdentifier":"S-1-5-21-4126913916-3287246507-2123901885-1183","ObjectType":"User"},{"ObjectIdentifier":"S-1-5-21-4126913916-3287246507-2123901885-1145","ObjectType":"User"}],"Aces":[{"PrincipalSID":"S-1-5-21-4126913916-3287246507-2123901885-512","PrincipalType":"Group","RightName":"Owns","IsInherited":false},{"PrincipalSID":"S-1-5-21-4126913916-3287246507-2123901885-512","PrincipalType":"Group","RightName":"GenericAll","IsInherited":false},{"PrincipalSID":"S-1-5-21-4126913916-3287246507-2123901885-519","PrincipalType":"Group","RightName":"GenericAll","IsInherited":true},{"PrincipalSID":"STD101.FORESTALL.LABS-S-1-5-32-544","PrincipalType":"Group","RightName":"WriteDacl","IsInherited":true},{"PrincipalSID":"STD101.FORESTALL.LABS-S-1-5-32-544","PrincipalType":"Group","RightName":"WriteOwner","IsInherited":true}],"ObjectIdentifier":"E85E31C7-2050-4D34-9FC6-1EC232643613","IsDeleted":false,"IsACLProtected":false,"GPOChanges":{"LocalAdmins":[],"RemoteDesktopUsers":[],"DcomUsers":[],"PSRemoteUsers":[],"AffectedComputers":[]},"Properties":{"domain":"STD101.FORESTALL.LABS","name":"SECURITY TEAM@STD101.FORESTALL.LABS","distinguishedname":"OU=SECURITY TEAM,DC=STD101,DC=FORESTALL,DC=LABS","domainsid":"S-1-5-21-4126913916-3287246507-2123901885","highvalue":false,"description":null,"whencreated":1656257736,"blocksinheritance":false}},{"Links":[],"ChildObjects":[{"ObjectIdentifier":"S-1-5-21-3667276930-535864967-1787924972-1127","ObjectType":"User"},{"ObjectIdentifier":"S-1-5-21-3667276930-535864967-1787924972-1152","ObjectType":"User"},{"ObjectIdentifier":"S-1-5-21-3667276930-535864967-1787924972-1123","ObjectType":"Group"}],"Aces":[{"PrincipalSID":"S-1-5-21-3667276930-535864967-1787924972-512","PrincipalType":"Group","RightName":"Owns","IsInherited":false},{"PrincipalSID":"S-1-5-21-3667276930-535864967-1787924972-512","PrincipalType":"Group","RightName":"GenericAll","IsInherited":false},{"PrincipalSID":"S-1-5-21-4126913916-3287246507-2123901885-519","PrincipalType":"Group","RightName":"GenericAll","IsInherited":true},{"PrincipalSID":"RD.STD101.FORESTALL.LABS-S-1-5-32-544","PrincipalType":"Group","RightName":"WriteDacl","IsInherited":true},{"PrincipalSID":"RD.STD101.FORESTALL.LABS-S-1-5-32-544","PrincipalType":"Group","RightName":"WriteOwner","IsInherited":true}],"ObjectIdentifier":"A8828FB0-CECF-4F88-8844-1A15F8FB7EF8","IsDeleted":false,"IsACLProtected":false,"GPOChanges":{"LocalAdmins":[],"RemoteDesktopUsers":[],"DcomUsers":[],"PSRemoteUsers":[],"AffectedComputers":[]},"Properties":{"domain":"RD.STD101.FORESTALL.LABS","name":"RANDOM@RD.STD101.FORESTALL.LABS","distinguishedname":"OU=RANDOM,DC=RD,DC=STD101,DC=FORESTALL,DC=LABS","domainsid":"S-1-5-21-3667276930-535864967-1787924972","highvalue":false,"description":null,"whencreated":1656258504,"blocksinheritance":false}},{"Links":[],"ChildObjects":[{"ObjectIdentifier":"S-1-5-21-3667276930-535864967-1787924972-1122","ObjectType":"Group"},{"ObjectIdentifier":"S-1-5-21-3667276930-535864967-1787924972-1183","ObjectType":"User"},{"ObjectIdentifier":"S-1-5-21-3667276930-535864967-1787924972-1179","ObjectType":"User"},{"ObjectIdentifier":"S-1-5-21-3667276930-535864967-1787924972-1175","ObjectType":"User"},{"ObjectIdentifier":"S-1-5-21-3667276930-535864967-1787924972-1133","ObjectType":"User"},{"ObjectIdentifier":"S-1-5-21-3667276930-535864967-1787924972-1140","ObjectType":"User"}],"Aces":[{"PrincipalSID":"S-1-5-21-3667276930-535864967-1787924972-512","PrincipalType":"Group","RightName":"Owns","IsInherited":false},{"PrincipalSID":"S-1-5-21-3667276930-535864967-1787924972-512","PrincipalType":"Group","RightName":"GenericAll","IsInherited":false},{"PrincipalSID":"S-1-5-21-4126913916-3287246507-2123901885-519","PrincipalType":"Group","RightName":"GenericAll","IsInherited":true},{"PrincipalSID":"RD.STD101.FORESTALL.LABS-S-1-5-32-544","PrincipalType":"Group","RightName":"WriteDacl","IsInherited":true},{"PrincipalSID":"RD.STD101.FORESTALL.LABS-S-1-5-32-544","PrincipalType":"Group","RightName":"WriteOwner","IsInherited":true}],"ObjectIdentifier":"79A92D7B-21A7-4603-9E00-1CCF8F4E5E65","IsDeleted":false,"IsACLProtected":false,"GPOChanges":{"LocalAdmins":[],"RemoteDesktopUsers":[],"DcomUsers":[],"PSRemoteUsers":[],"AffectedComputers":[]},"Properties":{"domain":"RD.STD101.FORESTALL.LABS","name":"BLUE@RD.STD101.FORESTALL.LABS","distinguishedname":"OU=BLUE,DC=RD,DC=STD101,DC=FORESTALL,DC=LABS","domainsid":"S-1-5-21-3667276930-535864967-1787924972","highvalue":false,"description":null,"whencreated":1656258504,"blocksinheritance":false}},{"Links":[{"IsEnforced":false,"GUID":"715B9F86-1364-421C-AA4B-AEE4A47764EC"}],"ChildObjects":[{"ObjectIdentifier":"S-1-5-21-4126913916-3287246507-2123901885-1158","ObjectType":"User"},{"ObjectIdentifier":"S-1-5-21-4126913916-3287246507-2123901885-1156","ObjectType":"User"},{"ObjectIdentifier":"S-1-5-21-4126913916-3287246507-2123901885-1148","ObjectType":"User"},{"ObjectIdentifier":"S-1-5-21-4126913916-3287246507-2123901885-1174","ObjectType":"User"},{"ObjectIdentifier":"S-1-5-21-4126913916-3287246507-2123901885-1115","ObjectType":"Group"},{"ObjectIdentifier":"S-1-5-21-4126913916-3287246507-2123901885-1179","ObjectType":"User"}],"Aces":[{"PrincipalSID":"S-1-5-21-4126913916-3287246507-2123901885-512","PrincipalType":"Group","RightName":"Owns","IsInherited":false},{"PrincipalSID":"S-1-5-21-4126913916-3287246507-2123901885-512","PrincipalType":"Group","RightName":"GenericAll","IsInherited":false},{"PrincipalSID":"S-1-5-21-4126913916-3287246507-2123901885-519","PrincipalType":"Group","RightName":"GenericAll","IsInherited":true},{"PrincipalSID":"STD101.FORESTALL.LABS-S-1-5-32-544","PrincipalType":"Group","RightName":"WriteDacl","IsInherited":true},{"PrincipalSID":"STD101.FORESTALL.LABS-S-1-5-32-544","PrincipalType":"Group","RightName":"WriteOwner","IsInherited":true}],"ObjectIdentifier":"5C98C2DB-D6C9-4A49-9673-A266AE9A4D4A","IsDeleted":false,"IsACLProtected":false,"GPOChanges":{"LocalAdmins":[],"RemoteDesktopUsers":[],"DcomUsers":[],"PSRemoteUsers":[],"AffectedComputers":[]},"Properties":{"domain":"STD101.FORESTALL.LABS","name":"WAR OFFICE@STD101.FORESTALL.LABS","distinguishedname":"OU=WAR OFFICE,DC=STD101,DC=FORESTALL,DC=LABS","domainsid":"S-1-5-21-4126913916-3287246507-2123901885","highvalue":false,"description":null,"whencreated":1656257736,"blocksinheritance":false}},{"Links":[{"IsEnforced":false,"GUID":"2C3FE4F9-8BA5-41FB-B4BD-1F26A7C5755F"}],"ChildObjects":[{"ObjectIdentifier":"S-1-5-21-4126913916-3287246507-2123901885-1144","ObjectType":"User"},{"ObjectIdentifier":"S-1-5-21-4126913916-3287246507-2123901885-1134","ObjectType":"User"},{"ObjectIdentifier":"S-1-5-21-4126913916-3287246507-2123901885-1140","ObjectType":"User"},{"ObjectIdentifier":"S-1-5-21-4126913916-3287246507-2123901885-1151","ObjectType":"User"},{"ObjectIdentifier":"S-1-5-21-4126913916-3287246507-2123901885-1150","ObjectType":"User"},{"ObjectIdentifier":"S-1-5-21-4126913916-3287246507-2123901885-1170","ObjectType":"User"},{"ObjectIdentifier":"S-1-5-21-4126913916-3287246507-2123901885-1132","ObjectType":"User"},{"ObjectIdentifier":"S-1-5-21-4126913916-3287246507-2123901885-1121","ObjectType":"Group"},{"ObjectIdentifier":"S-1-5-21-4126913916-3287246507-2123901885-1166","ObjectType":"User"},{"ObjectIdentifier":"S-1-5-21-4126913916-3287246507-2123901885-1177","ObjectType":"User"},{"ObjectIdentifier":"S-1-5-21-4126913916-3287246507-2123901885-1173","ObjectType":"User"}],"Aces":[{"PrincipalSID":"S-1-5-21-4126913916-3287246507-2123901885-512","PrincipalType":"Group","RightName":"Owns","IsInherited":false},{"PrincipalSID":"S-1-5-21-4126913916-3287246507-2123901885-512","PrincipalType":"Group","RightName":"GenericAll","IsInherited":false},{"PrincipalSID":"S-1-5-21-4126913916-3287246507-2123901885-519","PrincipalType":"Group","RightName":"GenericAll","IsInherited":true},{"PrincipalSID":"STD101.FORESTALL.LABS-S-1-5-32-544","PrincipalType":"Group","RightName":"WriteDacl","IsInherited":true},{"PrincipalSID":"STD101.FORESTALL.LABS-S-1-5-32-544","PrincipalType":"Group","RightName":"WriteOwner","IsInherited":true}],"ObjectIdentifier":"3E5745C5-3327-47E2-95BB-F259C651C838","IsDeleted":false,"IsACLProtected":false,"GPOChanges":{"LocalAdmins":[],"RemoteDesktopUsers":[],"DcomUsers":[],"PSRemoteUsers":[],"AffectedComputers":[]},"Properties":{"domain":"STD101.FORESTALL.LABS","name":"HACKERS@STD101.FORESTALL.LABS","distinguishedname":"OU=HACKERS,DC=STD101,DC=FORESTALL,DC=LABS","domainsid":"S-1-5-21-4126913916-3287246507-2123901885","highvalue":false,"description":null,"whencreated":1656257736,"blocksinheritance":false}},{"Links":[{"IsEnforced":false,"GUID":"A25FAC3B-051F-4DBE-A944-0243A9469B89"}],"ChildObjects":[{"ObjectIdentifier":"S-1-5-21-4126913916-3287246507-2123901885-1135","ObjectType":"User"},{"ObjectIdentifier":"S-1-5-21-4126913916-3287246507-2123901885-1155","ObjectType":"User"},{"ObjectIdentifier":"S-1-5-21-4126913916-3287246507-2123901885-1114","ObjectType":"Group"}],"Aces":[{"PrincipalSID":"S-1-5-21-4126913916-3287246507-2123901885-512","PrincipalType":"Group","RightName":"Owns","IsInherited":false},{"PrincipalSID":"S-1-5-21-4126913916-3287246507-2123901885-512","PrincipalType":"Group","RightName":"GenericAll","IsInherited":false},{"PrincipalSID":"S-1-5-21-4126913916-3287246507-2123901885-519","PrincipalType":"Group","RightName":"GenericAll","IsInherited":true},{"PrincipalSID":"STD101.FORESTALL.LABS-S-1-5-32-544","PrincipalType":"Group","RightName":"WriteDacl","IsInherited":true},{"PrincipalSID":"STD101.FORESTALL.LABS-S-1-5-32-544","PrincipalType":"Group","RightName":"WriteOwner","IsInherited":true}],"ObjectIdentifier":"F1DA08D0-0FE8-4D85-9AC1-7CD70EC2B9B1","IsDeleted":false,"IsACLProtected":false,"GPOChanges":{"LocalAdmins":[],"RemoteDesktopUsers":[],"DcomUsers":[],"PSRemoteUsers":[],"AffectedComputers":[]},"Properties":{"domain":"STD101.FORESTALL.LABS","name":"MANGEMENT@STD101.FORESTALL.LABS","distinguishedname":"OU=MANGEMENT,DC=STD101,DC=FORESTALL,DC=LABS","domainsid":"S-1-5-21-4126913916-3287246507-2123901885","highvalue":false,"description":null,"whencreated":1656257735,"blocksinheritance":false}},{"Links":[],"ChildObjects":[{"ObjectIdentifier":"S-1-5-21-3667276930-535864967-1787924972-1136","ObjectType":"User"},{"ObjectIdentifier":"S-1-5-21-3667276930-535864967-1787924972-1182","ObjectType":"User"},{"ObjectIdentifier":"S-1-5-21-3667276930-535864967-1787924972-1121","ObjectType":"Group"},{"ObjectIdentifier":"S-1-5-21-3667276930-535864967-1787924972-1147","ObjectType":"User"},{"ObjectIdentifier":"S-1-5-21-3667276930-535864967-1787924972-1196","ObjectType":"User"}],"Aces":[{"PrincipalSID":"S-1-5-21-3667276930-535864967-1787924972-512","PrincipalType":"Group","RightName":"Owns","IsInherited":false},{"PrincipalSID":"S-1-5-21-3667276930-535864967-1787924972-512","PrincipalType":"Group","RightName":"GenericAll","IsInherited":false},{"PrincipalSID":"S-1-5-21-4126913916-3287246507-2123901885-519","PrincipalType":"Group","RightName":"GenericAll","IsInherited":true},{"PrincipalSID":"RD.STD101.FORESTALL.LABS-S-1-5-32-544","PrincipalType":"Group","RightName":"WriteDacl","IsInherited":true},{"PrincipalSID":"RD.STD101.FORESTALL.LABS-S-1-5-32-544","PrincipalType":"Group","RightName":"WriteOwner","IsInherited":true}],"ObjectIdentifier":"41D2EEA6-EA1F-41B2-ACA8-5ED459BFEAE8","IsDeleted":false,"IsACLProtected":false,"GPOChanges":{"LocalAdmins":[],"RemoteDesktopUsers":[],"DcomUsers":[],"PSRemoteUsers":[],"AffectedComputers":[]},"Properties":{"domain":"RD.STD101.FORESTALL.LABS","name":"HACKERS@RD.STD101.FORESTALL.LABS","distinguishedname":"OU=HACKERS,DC=RD,DC=STD101,DC=FORESTALL,DC=LABS","domainsid":"S-1-5-21-3667276930-535864967-1787924972","highvalue":false,"description":null,"whencreated":1656258504,"blocksinheritance":false}},{"Links":[{"IsEnforced":false,"GUID":"23977BCE-1D9D-4BFC-A7CC-3F9ED34E414E"},{"IsEnforced":false,"GUID":"1C86B6C1-5C26-4C2F-9706-841A9EE819C2"}],"ChildObjects":[{"ObjectIdentifier":"S-1-5-21-4126913916-3287246507-2123901885-1112","ObjectType":"Group"},{"ObjectIdentifier":"S-1-5-21-4126913916-3287246507-2123901885-1136","ObjectType":"User"}],"Aces":[{"PrincipalSID":"S-1-5-21-4126913916-3287246507-2123901885-512","PrincipalType":"Group","RightName":"Owns","IsInherited":false},{"PrincipalSID":"S-1-5-21-4126913916-3287246507-2123901885-512","PrincipalType":"Group","RightName":"GenericAll","IsInherited":false},{"PrincipalSID":"S-1-5-21-4126913916-3287246507-2123901885-519","PrincipalType":"Group","RightName":"GenericAll","IsInherited":true},{"PrincipalSID":"STD101.FORESTALL.LABS-S-1-5-32-544","PrincipalType":"Group","RightName":"WriteDacl","IsInherited":true},{"PrincipalSID":"STD101.FORESTALL.LABS-S-1-5-32-544","PrincipalType":"Group","RightName":"WriteOwner","IsInherited":true}],"ObjectIdentifier":"A456301C-DC4C-4D58-B4C3-210940173490","IsDeleted":false,"IsACLProtected":false,"GPOChanges":{"LocalAdmins":[],"RemoteDesktopUsers":[],"DcomUsers":[],"PSRemoteUsers":[],"AffectedComputers":[]},"Properties":{"domain":"STD101.FORESTALL.LABS","name":"DEVELOPMENT@STD101.FORESTALL.LABS","distinguishedname":"OU=DEVELOPMENT,DC=STD101,DC=FORESTALL,DC=LABS","domainsid":"S-1-5-21-4126913916-3287246507-2123901885","highvalue":false,"description":null,"whencreated":1656257735,"blocksinheritance":false}},{"Links":[{"IsEnforced":false,"GUID":"C1D2594A-200D-4CBC-AF25-3757CD269FF3"},{"IsEnforced":false,"GUID":"E1634F84-53AE-4462-8DA8-EA55A502A9D5"}],"ChildObjects":[{"ObjectIdentifier":"S-1-5-21-4126913916-3287246507-2123901885-1139","ObjectType":"User"},{"ObjectIdentifier":"S-1-5-21-4126913916-3287246507-2123901885-1165","ObjectType":"User"},{"ObjectIdentifier":"S-1-5-21-4126913916-3287246507-2123901885-1182","ObjectType":"User"},{"ObjectIdentifier":"S-1-5-21-4126913916-3287246507-2123901885-1123","ObjectType":"Group"}],"Aces":[{"PrincipalSID":"S-1-5-21-4126913916-3287246507-2123901885-512","PrincipalType":"Group","RightName":"Owns","IsInherited":false},{"PrincipalSID":"S-1-5-21-4126913916-3287246507-2123901885-512","PrincipalType":"Group","RightName":"GenericAll","IsInherited":false},{"PrincipalSID":"S-1-5-21-4126913916-3287246507-2123901885-519","PrincipalType":"Group","RightName":"GenericAll","IsInherited":true},{"PrincipalSID":"STD101.FORESTALL.LABS-S-1-5-32-544","PrincipalType":"Group","RightName":"WriteDacl","IsInherited":true},{"PrincipalSID":"STD101.FORESTALL.LABS-S-1-5-32-544","PrincipalType":"Group","RightName":"WriteOwner","IsInherited":true}],"ObjectIdentifier":"0BCC808B-B921-4E99-90CD-95D9650B1DDE","IsDeleted":false,"IsACLProtected":false,"GPOChanges":{"LocalAdmins":[],"RemoteDesktopUsers":[],"DcomUsers":[],"PSRemoteUsers":[],"AffectedComputers":[]},"Properties":{"domain":"STD101.FORESTALL.LABS","name":"RANDOM@STD101.FORESTALL.LABS","distinguishedname":"OU=RANDOM,DC=STD101,DC=FORESTALL,DC=LABS","domainsid":"S-1-5-21-4126913916-3287246507-2123901885","highvalue":false,"description":null,"whencreated":1656257736,"blocksinheritance":false}},{"Links":[],"ChildObjects":[{"ObjectIdentifier":"S-1-5-21-3667276930-535864967-1787924972-1188","ObjectType":"User"},{"ObjectIdentifier":"S-1-5-21-3667276930-535864967-1787924972-1158","ObjectType":"User"},{"ObjectIdentifier":"S-1-5-21-3667276930-535864967-1787924972-1151","ObjectType":"User"},{"ObjectIdentifier":"S-1-5-21-3667276930-535864967-1787924972-1187","ObjectType":"User"},{"ObjectIdentifier":"S-1-5-21-3667276930-535864967-1787924972-1125","ObjectType":"Group"}],"Aces":[{"PrincipalSID":"S-1-5-21-3667276930-535864967-1787924972-512","PrincipalType":"Group","RightName":"Owns","IsInherited":false},{"PrincipalSID":"S-1-5-21-3667276930-535864967-1787924972-512","PrincipalType":"Group","RightName":"GenericAll","IsInherited":false},{"PrincipalSID":"S-1-5-21-4126913916-3287246507-2123901885-519","PrincipalType":"Group","RightName":"GenericAll","IsInherited":true},{"PrincipalSID":"RD.STD101.FORESTALL.LABS-S-1-5-32-544","PrincipalType":"Group","RightName":"WriteDacl","IsInherited":true},{"PrincipalSID":"RD.STD101.FORESTALL.LABS-S-1-5-32-544","PrincipalType":"Group","RightName":"WriteOwner","IsInherited":true}],"ObjectIdentifier":"97812BDC-6FB9-4E61-81A3-51A1A7CDEC9F","IsDeleted":false,"IsACLProtected":false,"GPOChanges":{"LocalAdmins":[],"RemoteDesktopUsers":[],"DcomUsers":[],"PSRemoteUsers":[],"AffectedComputers":[]},"Properties":{"domain":"RD.STD101.FORESTALL.LABS","name":"RABBITS@RD.STD101.FORESTALL.LABS","distinguishedname":"OU=RABBITS,DC=RD,DC=STD101,DC=FORESTALL,DC=LABS","domainsid":"S-1-5-21-3667276930-535864967-1787924972","highvalue":false,"description":null,"whencreated":1656258504,"blocksinheritance":false}},{"Links":[],"ChildObjects":[{"ObjectIdentifier":"S-1-5-21-3667276930-535864967-1787924972-1146","ObjectType":"User"},{"ObjectIdentifier":"S-1-5-21-3667276930-535864967-1787924972-1124","ObjectType":"Group"},{"ObjectIdentifier":"S-1-5-21-3667276930-535864967-1787924972-1185","ObjectType":"User"},{"ObjectIdentifier":"S-1-5-21-3667276930-535864967-1787924972-1170","ObjectType":"User"},{"ObjectIdentifier":"S-1-5-21-3667276930-535864967-1787924972-1167","ObjectType":"User"},{"ObjectIdentifier":"S-1-5-21-3667276930-535864967-1787924972-1145","ObjectType":"User"},{"ObjectIdentifier":"S-1-5-21-3667276930-535864967-1787924972-1193","ObjectType":"User"}],"Aces":[{"PrincipalSID":"S-1-5-21-3667276930-535864967-1787924972-512","PrincipalType":"Group","RightName":"Owns","IsInherited":false},{"PrincipalSID":"S-1-5-21-3667276930-535864967-1787924972-512","PrincipalType":"Group","RightName":"GenericAll","IsInherited":false},{"PrincipalSID":"S-1-5-21-4126913916-3287246507-2123901885-519","PrincipalType":"Group","RightName":"GenericAll","IsInherited":true},{"PrincipalSID":"RD.STD101.FORESTALL.LABS-S-1-5-32-544","PrincipalType":"Group","RightName":"WriteDacl","IsInherited":true},{"PrincipalSID":"RD.STD101.FORESTALL.LABS-S-1-5-32-544","PrincipalType":"Group","RightName":"WriteOwner","IsInherited":true}],"ObjectIdentifier":"E27BF40F-33B8-4668-ABD5-2A79977AD1AD","IsDeleted":false,"IsACLProtected":false,"GPOChanges":{"LocalAdmins":[],"RemoteDesktopUsers":[],"DcomUsers":[],"PSRemoteUsers":[],"AffectedComputers":[]},"Properties":{"domain":"RD.STD101.FORESTALL.LABS","name":"BUNNIES@RD.STD101.FORESTALL.LABS","distinguishedname":"OU=BUNNIES,DC=RD,DC=STD101,DC=FORESTALL,DC=LABS","domainsid":"S-1-5-21-3667276930-535864967-1787924972","highvalue":false,"description":null,"whencreated":1656258504,"blocksinheritance":false}},{"Links":[],"ChildObjects":[{"ObjectIdentifier":"S-1-5-21-3667276930-535864967-1787924972-1119","ObjectType":"Group"},{"ObjectIdentifier":"S-1-5-21-3667276930-535864967-1787924972-1164","ObjectType":"User"},{"ObjectIdentifier":"S-1-5-21-3667276930-535864967-1787924972-1142","ObjectType":"User"},{"ObjectIdentifier":"S-1-5-21-3667276930-535864967-1787924972-1159","ObjectType":"User"},{"ObjectIdentifier":"S-1-5-21-3667276930-535864967-1787924972-1157","ObjectType":"User"},{"ObjectIdentifier":"S-1-5-21-3667276930-535864967-1787924972-1143","ObjectType":"User"},{"ObjectIdentifier":"S-1-5-21-3667276930-535864967-1787924972-1139","ObjectType":"User"},{"ObjectIdentifier":"S-1-5-21-3667276930-535864967-1787924972-1711","ObjectType":"User"}],"Aces":[{"PrincipalSID":"S-1-5-21-3667276930-535864967-1787924972-512","PrincipalType":"Group","RightName":"Owns","IsInherited":false},{"PrincipalSID":"S-1-5-21-3667276930-535864967-1787924972-512","PrincipalType":"Group","RightName":"GenericAll","IsInherited":false},{"PrincipalSID":"S-1-5-21-4126913916-3287246507-2123901885-519","PrincipalType":"Group","RightName":"GenericAll","IsInherited":true},{"PrincipalSID":"RD.STD101.FORESTALL.LABS-S-1-5-32-544","PrincipalType":"Group","RightName":"WriteDacl","IsInherited":true},{"PrincipalSID":"RD.STD101.FORESTALL.LABS-S-1-5-32-544","PrincipalType":"Group","RightName":"WriteOwner","IsInherited":true}],"ObjectIdentifier":"A68DFA62-395E-4ADF-8B1C-8FDB780BC770","IsDeleted":false,"IsACLProtected":false,"GPOChanges":{"LocalAdmins":[],"RemoteDesktopUsers":[],"DcomUsers":[],"PSRemoteUsers":[],"AffectedComputers":[]},"Properties":{"domain":"RD.STD101.FORESTALL.LABS","name":"ACCOUNTING@RD.STD101.FORESTALL.LABS","distinguishedname":"OU=ACCOUNTING,DC=RD,DC=STD101,DC=FORESTALL,DC=LABS","domainsid":"S-1-5-21-3667276930-535864967-1787924972","highvalue":false,"description":null,"whencreated":1656258504,"blocksinheritance":false}},{"Links":[],"ChildObjects":[{"ObjectIdentifier":"S-1-5-21-3667276930-535864967-1787924972-1118","ObjectType":"Group"},{"ObjectIdentifier":"S-1-5-21-3667276930-535864967-1787924972-1709","ObjectType":"User"},{"ObjectIdentifier":"S-1-5-21-3667276930-535864967-1787924972-1171","ObjectType":"User"},{"ObjectIdentifier":"S-1-5-21-3667276930-535864967-1787924972-1190","ObjectType":"User"}],"Aces":[{"PrincipalSID":"S-1-5-21-3667276930-535864967-1787924972-512","PrincipalType":"Group","RightName":"Owns","IsInherited":false},{"PrincipalSID":"S-1-5-21-3667276930-535864967-1787924972-512","PrincipalType":"Group","RightName":"GenericAll","IsInherited":false},{"PrincipalSID":"S-1-5-21-4126913916-3287246507-2123901885-519","PrincipalType":"Group","RightName":"GenericAll","IsInherited":true},{"PrincipalSID":"RD.STD101.FORESTALL.LABS-S-1-5-32-544","PrincipalType":"Group","RightName":"WriteDacl","IsInherited":true},{"PrincipalSID":"RD.STD101.FORESTALL.LABS-S-1-5-32-544","PrincipalType":"Group","RightName":"WriteOwner","IsInherited":true}],"ObjectIdentifier":"321BA384-A5C7-46A1-A22C-4428D99E3A0D","IsDeleted":false,"IsACLProtected":false,"GPOChanges":{"LocalAdmins":[],"RemoteDesktopUsers":[],"DcomUsers":[],"PSRemoteUsers":[],"AffectedComputers":[]},"Properties":{"domain":"RD.STD101.FORESTALL.LABS","name":"IT@RD.STD101.FORESTALL.LABS","distinguishedname":"OU=IT,DC=RD,DC=STD101,DC=FORESTALL,DC=LABS","domainsid":"S-1-5-21-3667276930-535864967-1787924972","highvalue":false,"description":null,"whencreated":1656258504,"blocksinheritance":false}},{"Links":[],"ChildObjects":[{"ObjectIdentifier":"S-1-5-21-3667276930-535864967-1787924972-1181","ObjectType":"User"},{"ObjectIdentifier":"S-1-5-21-3667276930-535864967-1787924972-1155","ObjectType":"User"},{"ObjectIdentifier":"S-1-5-21-3667276930-535864967-1787924972-1176","ObjectType":"User"},{"ObjectIdentifier":"S-1-5-21-3667276930-535864967-1787924972-1162","ObjectType":"User"},{"ObjectIdentifier":"S-1-5-21-3667276930-535864967-1787924972-1708","ObjectType":"User"},{"ObjectIdentifier":"S-1-5-21-3667276930-535864967-1787924972-1710","ObjectType":"User"},{"ObjectIdentifier":"S-1-5-21-3667276930-535864967-1787924972-1120","ObjectType":"Group"}],"Aces":[{"PrincipalSID":"S-1-5-21-3667276930-535864967-1787924972-512","PrincipalType":"Group","RightName":"Owns","IsInherited":false},{"PrincipalSID":"S-1-5-21-3667276930-535864967-1787924972-512","PrincipalType":"Group","RightName":"GenericAll","IsInherited":false},{"PrincipalSID":"S-1-5-21-4126913916-3287246507-2123901885-519","PrincipalType":"Group","RightName":"GenericAll","IsInherited":true},{"PrincipalSID":"RD.STD101.FORESTALL.LABS-S-1-5-32-544","PrincipalType":"Group","RightName":"WriteDacl","IsInherited":true},{"PrincipalSID":"RD.STD101.FORESTALL.LABS-S-1-5-32-544","PrincipalType":"Group","RightName":"WriteOwner","IsInherited":true}],"ObjectIdentifier":"28AC210C-42D1-4E02-AB37-093681C68A6A","IsDeleted":false,"IsACLProtected":false,"GPOChanges":{"LocalAdmins":[],"RemoteDesktopUsers":[],"DcomUsers":[],"PSRemoteUsers":[],"AffectedComputers":[]},"Properties":{"domain":"RD.STD101.FORESTALL.LABS","name":"RED@RD.STD101.FORESTALL.LABS","distinguishedname":"OU=RED,DC=RD,DC=STD101,DC=FORESTALL,DC=LABS","domainsid":"S-1-5-21-3667276930-535864967-1787924972","highvalue":false,"description":null,"whencreated":1656258504,"blocksinheritance":false}},{"Links":[],"ChildObjects":[{"ObjectIdentifier":"S-1-5-21-3667276930-535864967-1787924972-1138","ObjectType":"User"},{"ObjectIdentifier":"S-1-5-21-3667276930-535864967-1787924972-1126","ObjectType":"Group"},{"ObjectIdentifier":"S-1-5-21-3667276930-535864967-1787924972-1148","ObjectType":"User"},{"ObjectIdentifier":"S-1-5-21-3667276930-535864967-1787924972-1172","ObjectType":"User"},{"ObjectIdentifier":"S-1-5-21-3667276930-535864967-1787924972-1189","ObjectType":"User"}],"Aces":[{"PrincipalSID":"S-1-5-21-3667276930-535864967-1787924972-512","PrincipalType":"Group","RightName":"Owns","IsInherited":false},{"PrincipalSID":"S-1-5-21-3667276930-535864967-1787924972-512","PrincipalType":"Group","RightName":"GenericAll","IsInherited":false},{"PrincipalSID":"S-1-5-21-4126913916-3287246507-2123901885-519","PrincipalType":"Group","RightName":"GenericAll","IsInherited":true},{"PrincipalSID":"RD.STD101.FORESTALL.LABS-S-1-5-32-544","PrincipalType":"Group","RightName":"WriteDacl","IsInherited":true},{"PrincipalSID":"RD.STD101.FORESTALL.LABS-S-1-5-32-544","PrincipalType":"Group","RightName":"WriteOwner","IsInherited":true}],"ObjectIdentifier":"765D69D5-2882-47B7-BFA2-A75D403AB790","IsDeleted":false,"IsACLProtected":false,"GPOChanges":{"LocalAdmins":[],"RemoteDesktopUsers":[],"DcomUsers":[],"PSRemoteUsers":[],"AffectedComputers":[]},"Properties":{"domain":"RD.STD101.FORESTALL.LABS","name":"DUCKS@RD.STD101.FORESTALL.LABS","distinguishedname":"OU=DUCKS,DC=RD,DC=STD101,DC=FORESTALL,DC=LABS","domainsid":"S-1-5-21-3667276930-535864967-1787924972","highvalue":false,"description":null,"whencreated":1656258504,"blocksinheritance":false}},{"Links":[{"IsEnforced":false,"GUID":"6C854619-A82C-4FE5-BC57-AD3F07692FB7"},{"IsEnforced":false,"GUID":"07BE4E34-7106-4C6A-8DE2-0EE43E4257C7"},{"IsEnforced":false,"GUID":"1E006AC2-8096-4241-9E3D-E2DC8C1C8497"}],"ChildObjects":[{"ObjectIdentifier":"S-1-5-21-4126913916-3287246507-2123901885-1171","ObjectType":"User"},{"ObjectIdentifier":"S-1-5-21-4126913916-3287246507-2123901885-1167","ObjectType":"User"},{"ObjectIdentifier":"S-1-5-21-4126913916-3287246507-2123901885-1127","ObjectType":"User"},{"ObjectIdentifier":"S-1-5-21-4126913916-3287246507-2123901885-1172","ObjectType":"User"},{"ObjectIdentifier":"S-1-5-21-4126913916-3287246507-2123901885-1147","ObjectType":"User"},{"ObjectIdentifier":"S-1-5-21-4126913916-3287246507-2123901885-1120","ObjectType":"Group"},{"ObjectIdentifier":"S-1-5-21-4126913916-3287246507-2123901885-1184","ObjectType":"User"}],"Aces":[{"PrincipalSID":"S-1-5-21-4126913916-3287246507-2123901885-512","PrincipalType":"Group","RightName":"Owns","IsInherited":false},{"PrincipalSID":"S-1-5-21-4126913916-3287246507-2123901885-512","PrincipalType":"Group","RightName":"GenericAll","IsInherited":false},{"PrincipalSID":"S-1-5-21-4126913916-3287246507-2123901885-519","PrincipalType":"Group","RightName":"GenericAll","IsInherited":true},{"PrincipalSID":"STD101.FORESTALL.LABS-S-1-5-32-544","PrincipalType":"Group","RightName":"WriteDacl","IsInherited":true},{"PrincipalSID":"STD101.FORESTALL.LABS-S-1-5-32-544","PrincipalType":"Group","RightName":"WriteOwner","IsInherited":true}],"ObjectIdentifier":"50C1E7D8-03C2-4687-AB01-01F112FD772C","IsDeleted":false,"IsACLProtected":false,"GPOChanges":{"LocalAdmins":[],"RemoteDesktopUsers":[],"DcomUsers":[],"PSRemoteUsers":[],"AffectedComputers":[]},"Properties":{"domain":"STD101.FORESTALL.LABS","name":"RED@STD101.FORESTALL.LABS","distinguishedname":"OU=RED,DC=STD101,DC=FORESTALL,DC=LABS","domainsid":"S-1-5-21-4126913916-3287246507-2123901885","highvalue":false,"description":null,"whencreated":1656257736,"blocksinheritance":false}},{"Links":[],"ChildObjects":[{"ObjectIdentifier":"S-1-5-21-3667276930-535864967-1787924972-1177","ObjectType":"User"},{"ObjectIdentifier":"S-1-5-21-3667276930-535864967-1787924972-1180","ObjectType":"User"},{"ObjectIdentifier":"S-1-5-21-3667276930-535864967-1787924972-1130","ObjectType":"User"},{"ObjectIdentifier":"S-1-5-21-3667276930-535864967-1787924972-1149","ObjectType":"User"},{"ObjectIdentifier":"S-1-5-21-3667276930-535864967-1787924972-1117","ObjectType":"Group"}],"Aces":[{"PrincipalSID":"S-1-5-21-3667276930-535864967-1787924972-512","PrincipalType":"Group","RightName":"Owns","IsInherited":false},{"PrincipalSID":"S-1-5-21-3667276930-535864967-1787924972-512","PrincipalType":"Group","RightName":"GenericAll","IsInherited":false},{"PrincipalSID":"S-1-5-21-4126913916-3287246507-2123901885-519","PrincipalType":"Group","RightName":"GenericAll","IsInherited":true},{"PrincipalSID":"RD.STD101.FORESTALL.LABS-S-1-5-32-544","PrincipalType":"Group","RightName":"WriteDacl","IsInherited":true},{"PrincipalSID":"RD.STD101.FORESTALL.LABS-S-1-5-32-544","PrincipalType":"Group","RightName":"WriteOwner","IsInherited":true}],"ObjectIdentifier":"B11DB7DE-3A89-43B8-B650-586944747038","IsDeleted":false,"IsACLProtected":false,"GPOChanges":{"LocalAdmins":[],"RemoteDesktopUsers":[],"DcomUsers":[],"PSRemoteUsers":[],"AffectedComputers":[]},"Properties":{"domain":"RD.STD101.FORESTALL.LABS","name":"SECURITY TEAM@RD.STD101.FORESTALL.LABS","distinguishedname":"OU=SECURITY TEAM,DC=RD,DC=STD101,DC=FORESTALL,DC=LABS","domainsid":"S-1-5-21-3667276930-535864967-1787924972","highvalue":false,"description":null,"whencreated":1656258503,"blocksinheritance":false}},{"Links":[],"ChildObjects":[{"ObjectIdentifier":"S-1-5-21-3667276930-535864967-1787924972-1169","ObjectType":"User"},{"ObjectIdentifier":"S-1-5-21-3667276930-535864967-1787924972-1192","ObjectType":"User"},{"ObjectIdentifier":"S-1-5-21-3667276930-535864967-1787924972-1116","ObjectType":"Group"},{"ObjectIdentifier":"S-1-5-21-3667276930-535864967-1787924972-1161","ObjectType":"User"}],"Aces":[{"PrincipalSID":"S-1-5-21-3667276930-535864967-1787924972-512","PrincipalType":"Group","RightName":"Owns","IsInherited":false},{"PrincipalSID":"S-1-5-21-3667276930-535864967-1787924972-512","PrincipalType":"Group","RightName":"GenericAll","IsInherited":false},{"PrincipalSID":"S-1-5-21-4126913916-3287246507-2123901885-519","PrincipalType":"Group","RightName":"GenericAll","IsInherited":true},{"PrincipalSID":"RD.STD101.FORESTALL.LABS-S-1-5-32-544","PrincipalType":"Group","RightName":"WriteDacl","IsInherited":true},{"PrincipalSID":"RD.STD101.FORESTALL.LABS-S-1-5-32-544","PrincipalType":"Group","RightName":"WriteOwner","IsInherited":true}],"ObjectIdentifier":"2D35271F-994E-4B1D-8695-884C22BF6140","IsDeleted":false,"IsACLProtected":false,"GPOChanges":{"LocalAdmins":[],"RemoteDesktopUsers":[],"DcomUsers":[],"PSRemoteUsers":[],"AffectedComputers":[]},"Properties":{"domain":"RD.STD101.FORESTALL.LABS","name":"CONTRACTORS@RD.STD101.FORESTALL.LABS","distinguishedname":"OU=CONTRACTORS,DC=RD,DC=STD101,DC=FORESTALL,DC=LABS","domainsid":"S-1-5-21-3667276930-535864967-1787924972","highvalue":false,"description":null,"whencreated":1656258503,"blocksinheritance":false}},{"Links":[],"ChildObjects":[{"ObjectIdentifier":"S-1-5-21-3667276930-535864967-1787924972-1160","ObjectType":"User"},{"ObjectIdentifier":"S-1-5-21-3667276930-535864967-1787924972-1186","ObjectType":"User"},{"ObjectIdentifier":"S-1-5-21-3667276930-535864967-1787924972-1114","ObjectType":"Group"},{"ObjectIdentifier":"S-1-5-21-3667276930-535864967-1787924972-1168","ObjectType":"User"},{"ObjectIdentifier":"S-1-5-21-3667276930-535864967-1787924972-1173","ObjectType":"User"},{"ObjectIdentifier":"S-1-5-21-3667276930-535864967-1787924972-1195","ObjectType":"User"}],"Aces":[{"PrincipalSID":"S-1-5-21-3667276930-535864967-1787924972-512","PrincipalType":"Group","RightName":"Owns","IsInherited":false},{"PrincipalSID":"S-1-5-21-3667276930-535864967-1787924972-512","PrincipalType":"Group","RightName":"GenericAll","IsInherited":false},{"PrincipalSID":"S-1-5-21-4126913916-3287246507-2123901885-519","PrincipalType":"Group","RightName":"GenericAll","IsInherited":true},{"PrincipalSID":"RD.STD101.FORESTALL.LABS-S-1-5-32-544","PrincipalType":"Group","RightName":"WriteDacl","IsInherited":true},{"PrincipalSID":"RD.STD101.FORESTALL.LABS-S-1-5-32-544","PrincipalType":"Group","RightName":"WriteOwner","IsInherited":true}],"ObjectIdentifier":"5F578FD7-1EB4-45FA-B66D-43508F15A60C","IsDeleted":false,"IsACLProtected":false,"GPOChanges":{"LocalAdmins":[],"RemoteDesktopUsers":[],"DcomUsers":[],"PSRemoteUsers":[],"AffectedComputers":[]},"Properties":{"domain":"RD.STD101.FORESTALL.LABS","name":"MANGEMENT@RD.STD101.FORESTALL.LABS","distinguishedname":"OU=MANGEMENT,DC=RD,DC=STD101,DC=FORESTALL,DC=LABS","domainsid":"S-1-5-21-3667276930-535864967-1787924972","highvalue":false,"description":null,"whencreated":1656258503,"blocksinheritance":false}},{"Links":[],"ChildObjects":[{"ObjectIdentifier":"S-1-5-21-3667276930-535864967-1787924972-1137","ObjectType":"User"},{"ObjectIdentifier":"S-1-5-21-3667276930-535864967-1787924972-1129","ObjectType":"User"},{"ObjectIdentifier":"S-1-5-21-3667276930-535864967-1787924972-1178","ObjectType":"User"},{"ObjectIdentifier":"S-1-5-21-3667276930-535864967-1787924972-1191","ObjectType":"User"},{"ObjectIdentifier":"S-1-5-21-3667276930-535864967-1787924972-1132","ObjectType":"User"},{"ObjectIdentifier":"S-1-5-21-3667276930-535864967-1787924972-1141","ObjectType":"User"},{"ObjectIdentifier":"S-1-5-21-3667276930-535864967-1787924972-1166","ObjectType":"User"},{"ObjectIdentifier":"S-1-5-21-3667276930-535864967-1787924972-1113","ObjectType":"Group"},{"ObjectIdentifier":"S-1-5-21-3667276930-535864967-1787924972-1153","ObjectType":"User"}],"Aces":[{"PrincipalSID":"S-1-5-21-3667276930-535864967-1787924972-512","PrincipalType":"Group","RightName":"Owns","IsInherited":false},{"PrincipalSID":"S-1-5-21-3667276930-535864967-1787924972-512","PrincipalType":"Group","RightName":"GenericAll","IsInherited":false},{"PrincipalSID":"S-1-5-21-4126913916-3287246507-2123901885-519","PrincipalType":"Group","RightName":"GenericAll","IsInherited":true},{"PrincipalSID":"RD.STD101.FORESTALL.LABS-S-1-5-32-544","PrincipalType":"Group","RightName":"WriteDacl","IsInherited":true},{"PrincipalSID":"RD.STD101.FORESTALL.LABS-S-1-5-32-544","PrincipalType":"Group","RightName":"WriteOwner","IsInherited":true}],"ObjectIdentifier":"5CF3AB04-17ED-47B1-A9FB-52484A7996BA","IsDeleted":false,"IsACLProtected":false,"GPOChanges":{"LocalAdmins":[],"RemoteDesktopUsers":[],"DcomUsers":[],"PSRemoteUsers":[],"AffectedComputers":[]},"Properties":{"domain":"RD.STD101.FORESTALL.LABS","name":"TESTING@RD.STD101.FORESTALL.LABS","distinguishedname":"OU=TESTING,DC=RD,DC=STD101,DC=FORESTALL,DC=LABS","domainsid":"S-1-5-21-3667276930-535864967-1787924972","highvalue":false,"description":null,"whencreated":1656258503,"blocksinheritance":false}},{"Links":[],"ChildObjects":[{"ObjectIdentifier":"S-1-5-21-3667276930-535864967-1787924972-1150","ObjectType":"User"},{"ObjectIdentifier":"S-1-5-21-3667276930-535864967-1787924972-1135","ObjectType":"User"},{"ObjectIdentifier":"S-1-5-21-3667276930-535864967-1787924972-1174","ObjectType":"User"},{"ObjectIdentifier":"S-1-5-21-3667276930-535864967-1787924972-1165","ObjectType":"User"},{"ObjectIdentifier":"S-1-5-21-3667276930-535864967-1787924972-1131","ObjectType":"User"},{"ObjectIdentifier":"S-1-5-21-3667276930-535864967-1787924972-1144","ObjectType":"User"},{"ObjectIdentifier":"S-1-5-21-3667276930-535864967-1787924972-1194","ObjectType":"User"},{"ObjectIdentifier":"S-1-5-21-3667276930-535864967-1787924972-1184","ObjectType":"User"},{"ObjectIdentifier":"S-1-5-21-3667276930-535864967-1787924972-1115","ObjectType":"Group"}],"Aces":[{"PrincipalSID":"S-1-5-21-3667276930-535864967-1787924972-512","PrincipalType":"Group","RightName":"Owns","IsInherited":false},{"PrincipalSID":"S-1-5-21-3667276930-535864967-1787924972-512","PrincipalType":"Group","RightName":"GenericAll","IsInherited":false},{"PrincipalSID":"S-1-5-21-4126913916-3287246507-2123901885-519","PrincipalType":"Group","RightName":"GenericAll","IsInherited":true},{"PrincipalSID":"RD.STD101.FORESTALL.LABS-S-1-5-32-544","PrincipalType":"Group","RightName":"WriteDacl","IsInherited":true},{"PrincipalSID":"RD.STD101.FORESTALL.LABS-S-1-5-32-544","PrincipalType":"Group","RightName":"WriteOwner","IsInherited":true}],"ObjectIdentifier":"12E5108F-570A-42F6-AE4B-E4B8DF1B6D70","IsDeleted":false,"IsACLProtected":false,"GPOChanges":{"LocalAdmins":[],"RemoteDesktopUsers":[],"DcomUsers":[],"PSRemoteUsers":[],"AffectedComputers":[]},"Properties":{"domain":"RD.STD101.FORESTALL.LABS","name":"WAR OFFICE@RD.STD101.FORESTALL.LABS","distinguishedname":"OU=WAR OFFICE,DC=RD,DC=STD101,DC=FORESTALL,DC=LABS","domainsid":"S-1-5-21-3667276930-535864967-1787924972","highvalue":false,"description":null,"whencreated":1656258503,"blocksinheritance":false}},{"Links":[],"ChildObjects":[{"ObjectIdentifier":"S-1-5-21-3667276930-535864967-1787924972-1156","ObjectType":"User"},{"ObjectIdentifier":"S-1-5-21-3667276930-535864967-1787924972-1163","ObjectType":"User"},{"ObjectIdentifier":"S-1-5-21-3667276930-535864967-1787924972-1128","ObjectType":"User"},{"ObjectIdentifier":"S-1-5-21-3667276930-535864967-1787924972-1112","ObjectType":"Group"},{"ObjectIdentifier":"S-1-5-21-3667276930-535864967-1787924972-1154","ObjectType":"User"},{"ObjectIdentifier":"S-1-5-21-3667276930-535864967-1787924972-1134","ObjectType":"User"}],"Aces":[{"PrincipalSID":"S-1-5-21-3667276930-535864967-1787924972-512","PrincipalType":"Group","RightName":"Owns","IsInherited":false},{"PrincipalSID":"S-1-5-21-3667276930-535864967-1787924972-512","PrincipalType":"Group","RightName":"GenericAll","IsInherited":false},{"PrincipalSID":"S-1-5-21-4126913916-3287246507-2123901885-519","PrincipalType":"Group","RightName":"GenericAll","IsInherited":true},{"PrincipalSID":"RD.STD101.FORESTALL.LABS-S-1-5-32-544","PrincipalType":"Group","RightName":"WriteDacl","IsInherited":true},{"PrincipalSID":"RD.STD101.FORESTALL.LABS-S-1-5-32-544","PrincipalType":"Group","RightName":"WriteOwner","IsInherited":true}],"ObjectIdentifier":"A75BD2C9-D266-4C7C-B241-4180082AA610","IsDeleted":false,"IsACLProtected":false,"GPOChanges":{"LocalAdmins":[],"RemoteDesktopUsers":[],"DcomUsers":[],"PSRemoteUsers":[],"AffectedComputers":[]},"Properties":{"domain":"RD.STD101.FORESTALL.LABS","name":"DEVELOPMENT@RD.STD101.FORESTALL.LABS","distinguishedname":"OU=DEVELOPMENT,DC=RD,DC=STD101,DC=FORESTALL,DC=LABS","domainsid":"S-1-5-21-3667276930-535864967-1787924972","highvalue":false,"description":null,"whencreated":1656258503,"blocksinheritance":false}},{"Links":[{"IsEnforced":false,"GUID":"662900BA-5788-4C56-945E-624D81AC6340"}],"ChildObjects":[{"ObjectIdentifier":"S-1-5-21-3667276930-535864967-1787924972-1009","ObjectType":"Computer"}],"Aces":[{"PrincipalSID":"S-1-5-21-3667276930-535864967-1787924972-512","PrincipalType":"Group","RightName":"Owns","IsInherited":false},{"PrincipalSID":"S-1-5-21-3667276930-535864967-1787924972-512","PrincipalType":"Group","RightName":"WriteDacl","IsInherited":false},{"PrincipalSID":"S-1-5-21-3667276930-535864967-1787924972-512","PrincipalType":"Group","RightName":"WriteOwner","IsInherited":false},{"PrincipalSID":"S-1-5-21-4126913916-3287246507-2123901885-519","PrincipalType":"Group","RightName":"GenericAll","IsInherited":true},{"PrincipalSID":"RD.STD101.FORESTALL.LABS-S-1-5-32-544","PrincipalType":"Group","RightName":"WriteDacl","IsInherited":true},{"PrincipalSID":"RD.STD101.FORESTALL.LABS-S-1-5-32-544","PrincipalType":"Group","RightName":"WriteOwner","IsInherited":true}],"ObjectIdentifier":"E0A7EF11-742E-45F1-87E7-46AEF345894C","IsDeleted":false,"IsACLProtected":false,"GPOChanges":{"LocalAdmins":[],"RemoteDesktopUsers":[],"DcomUsers":[],"PSRemoteUsers":[],"AffectedComputers":[{"ObjectIdentifier":"S-1-5-21-3667276930-535864967-1787924972-1009","ObjectType":"Computer"}]},"Properties":{"domain":"RD.STD101.FORESTALL.LABS","name":"DOMAIN CONTROLLERS@RD.STD101.FORESTALL.LABS","distinguishedname":"OU=DOMAIN CONTROLLERS,DC=RD,DC=STD101,DC=FORESTALL,DC=LABS","domainsid":"S-1-5-21-3667276930-535864967-1787924972","highvalue":false,"description":"Default container for domain controllers","whencreated":1656258033,"blocksinheritance":false}}],"meta":{"methods":29695,"type":"ous","count":32,"version":4}}